-- MySQL dump 10.13  Distrib 5.7.17, for Win64 (x86_64)
--
-- Host: localhost    Database: restaurantinventorymanagement
-- ------------------------------------------------------
-- Server version	5.6.38-log

/*!40101 SET @OLD_CHARACTER_SET_CLIENT=@@CHARACTER_SET_CLIENT */;
/*!40101 SET @OLD_CHARACTER_SET_RESULTS=@@CHARACTER_SET_RESULTS */;
/*!40101 SET @OLD_COLLATION_CONNECTION=@@COLLATION_CONNECTION */;
/*!40101 SET NAMES utf8 */;
/*!40103 SET @OLD_TIME_ZONE=@@TIME_ZONE */;
/*!40103 SET TIME_ZONE='+00:00' */;
/*!40014 SET @OLD_UNIQUE_CHECKS=@@UNIQUE_CHECKS, UNIQUE_CHECKS=0 */;
/*!40014 SET @OLD_FOREIGN_KEY_CHECKS=@@FOREIGN_KEY_CHECKS, FOREIGN_KEY_CHECKS=0 */;
/*!40101 SET @OLD_SQL_MODE=@@SQL_MODE, SQL_MODE='NO_AUTO_VALUE_ON_ZERO' */;
/*!40111 SET @OLD_SQL_NOTES=@@SQL_NOTES, SQL_NOTES=0 */;

--
-- Table structure for table `ingredients`
--

DROP TABLE IF EXISTS `ingredients`;
/*!40101 SET @saved_cs_client     = @@character_set_client */;
/*!40101 SET character_set_client = utf8 */;
CREATE TABLE `ingredients` (
  `ingredientNo` int(11) NOT NULL,
  `ingredientName` varchar(80) DEFAULT NULL,
  `dateOfPurchase` date DEFAULT NULL,
  `dateOfExpiry` date DEFAULT NULL,
  `cost` double DEFAULT NULL,
  `quantity` int(11) DEFAULT NULL,
  `supplierNo` int(11) NOT NULL,
  PRIMARY KEY (`ingredientNo`),
  KEY `supplierNo_idx` (`supplierNo`),
  CONSTRAINT `supplierNo` FOREIGN KEY (`supplierNo`) REFERENCES `supplier` (`supplierNo`) ON DELETE NO ACTION ON UPDATE NO ACTION
) ENGINE=InnoDB DEFAULT CHARSET=utf8;
/*!40101 SET character_set_client = @saved_cs_client */;

--
-- Dumping data for table `ingredients`
--

LOCK TABLES `ingredients` WRITE;
/*!40000 ALTER TABLE `ingredients` DISABLE KEYS */;
INSERT INTO `ingredients` VALUES (1,NULL,NULL,NULL,NULL,NULL,1),(2,NULL,NULL,NULL,NULL,NULL,1),(3,'Desert Evening Primrose','2017-06-18','2018-10-20',1.46,60,17),(4,'Shockley\'s Goldenhead','2017-06-05','2018-08-09',5.28,100,8),(5,'Hairy Flatsedge','2017-04-30','2018-04-29',6.5,73,22),(6,'Nipplefruit','2017-02-27','2018-04-29',10.3,85,22),(7,'Waianae Range Nehe','2017-09-14','2018-02-08',9.62,94,3),(8,'Pin Cherry','2017-08-03','2018-09-04',15.27,36,7),(9,'Jenny\'s Stonecrop','2017-01-23','2018-08-27',6.99,28,20),(10,'Oysterleaf','2017-06-14','2018-02-19',6.51,31,7),(11,'Trichoramalina Lichen','2017-08-04','2018-04-11',2.77,75,19),(12,'Glowvine','2017-02-07','2018-10-05',8.33,36,10),(13,'Rydberg\'s Penstemon','2017-10-19','2018-09-12',17.57,25,3),(14,'Yankeeweed','2017-04-06','2017-11-29',4.96,35,5),(15,'Prairie Pleatleaf','2017-06-02','2018-10-22',2.05,71,7),(16,'Lowrie\'s Blue Wood Aster','2017-03-29','2018-03-14',7.94,27,16),(17,'Showy Penstemon','2017-01-18','2018-09-16',10.66,82,18),(18,'Sticky Cinquefoil','2016-12-25','2018-03-02',18.76,64,11),(19,'Connecticut Beggarticks','2017-09-26','2018-03-11',8.67,23,11),(20,'Combtop Muhly','2017-03-20','2018-04-23',19.26,83,19),(21,'Ashland Cinquefoil','2017-05-11','2018-01-19',13.71,85,22),(22,'Flatfork Fern','2017-02-11','2018-09-14',16.53,21,6),(23,'Navajo Cinquefoil','2017-03-27','2018-11-24',7.07,25,11),(24,'Bog Birch','2017-02-06','2018-06-19',18.25,85,17),(25,'Hairy Forked Nailwort','2017-04-29','2017-12-06',16.38,72,6),(26,'Green Fiddleneck','2017-04-03','2018-03-19',13.73,56,20),(27,'Reflexed Gyroweisia Moss','2017-07-18','2018-04-28',19.38,14,21),(28,'Papala','2016-12-27','2017-12-12',4.71,72,4),(29,'Engelmann\'s Fleabane','2016-12-11','2018-04-10',6.43,34,21),(30,'Fragile Beard Lichen','2017-06-19','2018-03-15',18.55,19,6),(31,'Virginia Sneezeweed','2017-11-02','2018-11-01',14.44,11,18),(32,'Thunbergia','2017-10-01','2018-03-13',6.2,32,16),(33,'Velvet Bentgrass','2017-04-24','2018-04-10',15.43,87,9),(34,'Bejuco De Santiago','2017-01-14','2018-05-18',9.32,32,2),(35,'Ophrys','2017-08-13','2018-11-13',10.29,70,3),(36,'Sea-daffodil','2017-05-27','2018-11-26',12.15,6,10),(37,'Superb Porpidia Lichen','2017-03-19','2018-01-17',10.41,18,17),(38,'Wild Comfrey','2017-05-08','2018-04-24',3.12,47,22),(39,'Saskatoon Serviceberry','2016-12-22','2018-02-28',2.1,92,12),(40,'Best\'s Hygrohypnum Moss','2017-07-09','2018-06-23',14.81,19,2),(41,'Parmelinopsis','2017-08-06','2018-05-09',8.93,85,12),(42,'Sunn Hemp','2016-12-18','2018-03-30',14.17,58,21),(43,'Styphelia','2016-12-02','2018-02-28',6.28,54,19),(44,'Summer Ragwort','2017-09-04','2018-11-26',9.01,15,20),(45,'Solenospora Lichen','2017-04-01','2018-01-02',3.11,73,6),(46,'Maraca Amarilla','2017-11-16','2018-09-29',14.62,71,16),(47,'Bavarian Timmia Moss','2016-12-05','2018-01-20',12.89,1,11),(48,'Dalmatian Toadflax','2017-01-05','2018-08-21',16.08,71,22),(49,'Fremont\'s Deathcamas','2017-10-18','2018-11-10',7.34,49,17),(50,'Munz\'s Bedstraw','2017-10-17','2018-04-02',19.69,10,21),(51,'Margined Stickseed','2017-04-08','2018-11-08',11.96,12,9),(52,'Magnusson\'s Sarcogyne Lichen','2017-11-05','2018-05-03',9.09,32,13),(53,'Panamint Mountains Bedstraw','2017-08-27','2018-07-13',19.58,27,16),(54,'Calamondin','2017-10-15','2018-04-03',16.59,44,20),(55,'Fascicled Beaksedge','2017-11-12','2018-05-30',12.75,89,8),(56,'Alyssumleaf Phlox','2017-09-30','2018-05-17',2.18,88,1),(57,'Spear Globemallow','2017-07-02','2018-03-31',2.06,46,15),(58,'Star Cloak Fern','2017-01-25','2018-01-22',11.76,73,8),(59,'Thimble Clover','2017-07-05','2018-03-21',19.27,55,18),(60,'Schweinitz\'s Sunflower','2017-02-03','2018-05-29',1.3,6,22),(61,'Hall\'s Panicgrass','2017-06-19','2018-07-05',1.65,19,13),(62,'Rim Lichen','2017-09-19','2018-05-30',15.8,42,21),(63,'Puerto Rico Jumby Pepper','2017-02-20','2018-09-16',6.12,79,4),(64,'Hard Alumroot','2017-03-13','2017-12-06',7.26,84,19),(65,'Pallas\' Wallflower','2017-06-06','2018-07-13',7.73,75,10),(66,'Mayapple','2017-06-02','2018-08-14',10.97,61,7),(67,'Mountain Mock Vervain','2017-10-26','2018-05-28',2.54,85,17),(68,'Jepson\'s Monkeyflower','2017-05-23','2018-04-05',16.91,94,12),(69,'Bog White Violet','2016-12-07','2018-05-01',16.61,87,12),(70,'Raichie','2017-04-01','2018-09-27',10.46,79,14),(71,'Hartweg\'s Beardtongue','2017-03-16','2018-06-30',4.78,56,4),(72,'Cercidospora Lichen','2017-01-03','2017-12-19',19.75,51,12),(73,'Sulphur Sedge','2017-10-03','2018-01-27',2.28,93,15),(74,'Coastal Beach Sandmat','2016-12-13','2017-12-30',6.76,44,17),(75,'Victor\'s Gooseberry','2017-01-15','2018-04-04',18.99,48,1),(76,'Myelochroa Lichen','2017-07-10','2017-12-05',10.75,81,20),(77,'Prairie Rose','2017-06-28','2018-11-03',9.92,36,11),(78,'Panama Hat Plant','2017-01-06','2018-04-05',9.03,83,16),(79,'Canadian Horseweed','2017-02-22','2018-08-31',17.42,35,16),(80,'Urban\'s False Cocaine','2017-08-23','2018-03-14',3.65,39,2),(81,'Guard Withe','2017-09-30','2018-11-02',14.76,50,18),(82,'Peltate Tonguefern','2017-08-02','2018-10-05',16.37,21,20),(83,'Rocky Mountain Beggarticks','2017-09-01','2017-12-19',10.71,46,11),(84,'Brasenia','2017-04-25','2018-10-07',3.51,40,17),(85,'Millet Crabgrass','2017-07-08','2018-05-25',5.02,26,18),(86,'Florida False Buttonweed','2017-11-16','2018-08-18',1.51,60,1),(87,'Santa Barbara Milkvetch','2017-01-26','2018-04-09',13.04,96,2),(88,'Restharrow','2017-09-15','2018-08-05',3.36,41,7),(89,'Texas Prairie Parsley','2016-12-31','2018-05-09',8.79,96,15),(90,'Tall Dodder','2017-09-15','2018-01-06',4.18,55,2),(91,'Timmiella Moss','2017-02-21','2018-02-13',5.33,84,13),(92,'Ahorca Caballo','2017-05-26','2018-04-12',2.09,51,4),(93,'Antlerfern','2017-06-25','2018-11-02',16.1,29,8),(94,'Largeleaf Goldenrod','2017-11-01','2018-05-28',19.44,58,5),(95,'Nutty Saw-wort','2017-05-02','2018-09-13',19.57,90,11),(96,'Slender Bottle-washers','2017-08-17','2018-07-27',12.41,60,10),(97,'Spleenwort','2017-09-01','2018-10-03',3.13,94,17),(98,'Old Man\'s Whiskers','2017-09-30','2018-07-17',7.42,83,14),(99,'Muttongrass','2017-05-22','2018-07-06',12.97,98,19),(100,'Greenland Buttercup','2017-05-02','2018-06-18',4.47,7,17),(101,'Stoloniferous Pussytoes','2017-11-11','2018-01-27',5.95,85,10),(102,'Low Philonotis Moss','2017-05-25','2018-06-10',10.8,2,16),(103,'Three-rib Arrowgrass','2017-04-08','2018-05-29',13.74,80,16),(104,'Yellow Nutsedge','2017-05-17','2018-03-31',2.8,90,14),(105,'Pointed Sandmat','2017-03-08','2018-03-10',2.43,49,7),(106,'Willow Dock','2017-03-25','2018-10-14',18.3,79,14),(107,'Shortleaf Pine','2017-01-29','2018-01-18',8,95,1),(108,'Tetragonolobus','2017-01-24','2018-03-10',12.48,87,11),(109,'Strophanthus','2017-01-03','2018-08-26',17.35,100,13),(110,'Narrowleaf Firethorn','2017-07-21','2018-07-29',10.22,83,2),(111,'Guadalupe Fescue','2017-07-14','2018-07-25',19.51,75,14),(112,'Seaside Petunia','2017-02-06','2018-04-27',3.8,14,16),(113,'Siskiyou Pennycress','2017-07-07','2018-08-11',13.94,52,19),(114,'Tree Snailfern','2017-09-15','2018-04-28',13.24,78,7),(115,'Shore Quillwort','2017-10-11','2018-06-01',14.46,48,19),(116,'Broadleaf Beardtongue','2017-04-27','2018-05-13',10.8,56,9),(117,'Thompson\'s Buckwheat','2017-04-03','2018-03-02',13.26,62,10),(118,'Nipple Beehive Cactus','2017-06-23','2018-07-21',10.38,36,6),(119,'Santa Catalina Indian Paintbrush','2017-10-21','2018-04-08',4.47,11,13),(120,'Blue Bugle','2017-02-02','2018-03-31',19.58,95,18),(121,'Spring Pygmycudweed','2017-07-24','2018-08-11',12.13,17,12),(122,'Greenland Cup Lichen','2017-10-24','2018-10-19',18.37,77,10),(123,'San Gabriel Alumroot','2017-08-04','2018-07-25',16.78,67,16),(124,'Splendid Feather Moss','2017-04-06','2018-07-27',14.66,74,6),(125,'Chihuahua Scaly Cloakfern','2017-10-24','2018-08-15',5.62,53,2),(126,'Eurhynchium Moss','2017-10-23','2018-09-16',2.49,40,20),(127,'Wishbone Flower','2017-10-14','2018-07-18',11.99,25,5),(128,'Old World Forkedfern','2017-01-08','2018-02-12',8.94,99,3),(129,'Hygrohypnum Moss','2017-07-17','2017-12-24',14.87,62,12),(130,'Scaleseed','2017-03-11','2018-11-03',11.88,96,6),(131,'Ogilvie Mountain Springbeauty','2016-12-03','2018-05-19',16.94,24,15),(132,'Sharpwing Monkeyflower','2017-01-28','2018-08-27',12.49,99,17),(133,'Hudson\'s Air Fern','2017-05-28','2018-03-02',11.56,6,20),(134,'Grayleaf Draba','2017-05-17','2017-12-13',11.57,8,9),(135,'Amerorchis','2017-08-21','2018-10-28',7.24,11,6),(136,'Largeflower Suncup','2017-07-11','2018-06-14',16.95,96,11),(137,'Snakelily','2017-09-02','2018-11-27',3.19,75,17),(138,'Cracked Lichen','2017-03-21','2018-05-26',19.48,62,22),(139,'Parish\'s Monkeyflower','2017-11-20','2018-10-03',13.34,63,20),(140,'Plains Pricklypear','2017-05-21','2018-05-12',19.44,70,16),(141,'Crisped Thelypody','2016-12-03','2017-12-20',19.34,41,16),(142,'Calabash Nutmeg','2017-06-29','2017-12-04',9.21,90,19),(143,'California Threeawn','2017-08-05','2018-06-11',15.13,10,14),(144,'Five-stamen Tamarisk','2017-08-01','2018-03-21',12.87,87,3),(145,'Palo De Cachimbo','2017-08-15','2018-11-15',19.14,48,5),(146,'Grass-like Starwort','2016-12-16','2018-10-21',16.85,91,14),(147,'Bird Spiderflower','2017-08-08','2018-10-05',16.97,9,18),(148,'Arctic Raspberry','2016-12-15','2018-07-25',2.42,42,10),(149,'Fendler\'s Ragwort','2017-08-05','2018-09-22',15.16,73,2),(150,'Perfoliate Spineflower','2016-12-12','2018-10-10',11.06,21,6),(151,'Wild Bushbean','2017-06-09','2018-06-17',16.83,56,20),(152,'Desert Rockcress','2017-02-12','2018-03-30',5.21,96,20),(153,'Anzia Lichen','2017-07-02','2018-09-24',5.05,53,14),(154,'Sunloving Phacelia','2017-01-26','2018-06-14',9.05,35,13),(155,'St. Thomas Bean','2017-05-17','2017-12-20',15.38,10,14),(156,'Eggyolk Lichen','2017-11-16','2017-12-16',11.2,13,13),(157,'Brachythecium Moss','2017-04-04','2017-12-25',17.87,49,16),(158,'Racomitrium Moss','2017-04-09','2018-02-06',12.24,49,11),(159,'Mooncactus','2017-06-18','2018-03-31',4.17,68,17),(160,'Smallstamen Viper\'s Bugloss','2017-07-15','2017-11-30',10.16,95,1),(161,'Ponderosa Pine','2017-01-25','2018-06-16',8.95,66,21),(162,'Phaeographis','2017-10-11','2018-09-30',4.87,10,1),(163,'Poisonwood','2016-12-22','2018-07-22',19.28,49,8),(164,'Lanceleaf Moonpod','2016-12-24','2018-10-12',1.6,82,17),(165,'Mealy Fumewort','2017-04-16','2018-02-26',14.65,50,4),(166,'Tripogandra','2017-07-18','2018-08-27',6.71,32,21),(167,'Wright\'s Spikerush','2017-04-14','2018-01-11',10.89,82,5),(168,'Alaska Bluegrass','2017-03-19','2018-07-11',16.96,88,21),(169,'Veiny Meadow-rue','2017-11-03','2018-08-01',3.09,26,14),(170,'Fourleaf Milkweed','2017-11-15','2018-09-14',4.87,65,8),(171,'West African Albizzia','2017-02-23','2018-11-22',7.68,26,19),(172,'Poelt\'s Athelia Lichen','2016-12-02','2018-09-17',10.21,73,14),(173,'Kauai Treecotton','2017-09-25','2018-05-01',16.6,14,11),(174,'Skin Lichen','2017-07-09','2018-10-05',1.46,59,15),(175,'Sedge','2017-09-19','2018-10-23',10.58,40,9),(176,'Miniature Flatsedge','2017-07-31','2018-02-16',12.37,2,19),(177,'Florida Star Orchid','2017-03-28','2018-04-13',1.52,54,1),(178,'Rimmed Lichen','2017-07-29','2018-07-25',17.29,78,20),(179,'Goose Tongue','2017-01-24','2018-05-06',2.83,10,4),(180,'Yewleaf Willow','2017-04-08','2018-06-04',12.52,32,15),(181,'Butterworth\'s Buckwheat','2017-03-29','2018-10-01',5.89,17,4),(182,'Clover\'s Vervain','2017-05-11','2018-11-13',12.46,36,15),(183,'Willow Baccharis','2017-05-29','2018-06-17',18.1,31,3),(184,'Schweinfurth\'s Olive','2017-10-07','2018-01-16',2.52,92,1),(185,'Recurved Brotherella Moss','2017-03-25','2018-07-09',1.56,86,20),(186,'Dotted Lichen','2017-09-04','2017-12-21',18.52,99,12),(187,'Corn','2017-03-01','2018-01-21',4.7,51,12),(188,'Obscure Buttercup','2017-09-12','2018-01-02',1.48,89,16),(189,'Drummond\'s Cinquefoil','2017-11-21','2018-08-13',4.73,98,6),(190,'Arizona Gumweed','2017-11-25','2018-03-30',8.52,62,22),(191,'Alena','2016-12-02','2018-09-01',1.75,86,11),(192,'Oregon Coolwort','2017-02-14','2018-04-16',15.99,32,4),(193,'Cartilage Lichen','2017-08-04','2018-09-19',7.44,68,7),(194,'Threeawn','2017-09-15','2018-04-20',10.88,74,22),(195,'Northpark Phacelia','2017-02-21','2018-10-08',18.42,3,18),(196,'Bigpod Ceanothus','2017-05-09','2018-11-27',14.15,16,5),(197,'Buffpetal','2017-04-19','2018-01-17',1.72,33,14),(198,'Laredo Sandmat','2016-12-05','2018-04-01',2.34,69,6),(199,'Southern Annual Saltmarsh Aster','2017-11-02','2018-08-07',12.87,29,20),(200,'Lesser Swinecress','2017-07-15','2018-03-28',12.43,6,6),(201,'Royal Fringedfern','2017-08-11','2018-04-01',15.02,25,6),(202,'Denseflower Willowherb','2016-12-16','2018-09-04',10.55,51,8),(203,'Prairie Burnet','2017-08-05','2018-03-18',10.41,98,5),(204,'Scribner\'s Hawkweed','2016-12-18','2018-11-09',14.43,93,2),(205,'Pebble Pincushion','2017-11-22','2018-11-25',18.05,12,10),(206,'Seacliff Buckwheat','2017-06-06','2018-07-22',4.45,71,2),(207,'Western Yellowcress','2017-04-16','2018-04-26',2.62,82,4),(208,'Phaeographina Lichen','2017-02-17','2018-04-18',17.33,22,17),(209,'Rosy Buckwheat','2016-12-10','2018-10-25',11.7,17,17),(210,'Garden Lettuce','2017-11-03','2018-01-02',11.9,17,13),(211,'Bowstring Hemp','2017-10-19','2018-11-09',15.01,3,4),(212,'Cliff Fendlerbush','2017-10-07','2018-09-25',13.46,51,7),(213,'Elmer\'s Snapdragon','2017-09-23','2018-07-18',17.82,39,13),(214,'Indianbush','2017-08-05','2018-11-14',3.2,23,6),(215,'Ross\' Avens','2017-04-04','2018-07-04',13.29,20,16),(216,'Sneed\'s Pincushion Cactus','2017-06-16','2018-10-27',14.46,15,4),(217,'Mojave Toothleaf','2017-03-25','2018-07-21',12.86,97,8),(218,'Lavender Cotton','2017-07-18','2018-02-14',12.44,75,2),(219,'Dwarf Woollyheads','2016-12-06','2018-01-19',19.65,21,12),(220,'Lapland Reedgrass','2017-05-04','2018-05-09',5.52,39,8),(221,'Goldencrest','2017-04-10','2018-09-16',14.25,98,7),(222,'Stipitate Skin Lichen','2017-10-29','2018-08-01',3.23,1,13),(223,'Slimleaf Heliotrope','2016-12-08','2018-05-28',18.25,30,4),(224,'Geocarpa Groundnut','2017-07-16','2018-07-03',9.35,21,14),(225,'Needle Lichen','2017-01-24','2018-06-16',7.75,5,13),(226,'Rimmed Lichen','2017-05-03','2018-02-11',14.32,7,19),(227,'Palmer\'s Breadroot','2017-04-08','2018-01-26',15.27,89,9),(228,'Fishhook Cactus','2017-10-22','2017-12-29',19.97,75,16),(229,'Nylon Hedgehog Cactus','2017-07-06','2017-12-24',15.27,55,3),(230,'Baby Blue Eyes','2017-07-10','2018-10-03',19.82,37,1),(231,'Woolly Goat Chicory','2016-12-18','2018-01-09',13.65,64,14),(232,'Thickleaf Phlox','2017-07-23','2018-06-19',14.4,3,12),(233,'Desert Ceanothus','2017-04-10','2018-09-08',14.24,78,13),(234,'Willowleaf Yellowhead','2016-12-07','2018-05-29',7.79,83,9),(235,'Tapertip Onion','2017-02-22','2018-01-12',15.89,7,13),(236,'Bluntleaf Sandwort','2017-02-01','2018-09-10',3.16,83,12),(237,'Kaholuamanu Melicope','2017-04-17','2018-03-24',19.15,54,2),(238,'Serbian Spruce','2017-06-04','2018-04-20',16.62,36,4),(239,'Gyrostomum Lichen','2016-12-09','2018-01-24',17.29,58,15),(240,'Seacliff Beggarticks','2017-09-18','2018-04-25',6.75,5,20),(241,'Small White Violet','2017-10-29','2018-01-09',15.84,77,20),(242,'Caterpillar Phacelia','2017-01-30','2018-09-07',18.13,39,7),(243,'Waianae Range Tetramolopium','2017-06-05','2018-09-26',4.63,29,22),(244,'Northern Biscuitroot','2016-12-05','2018-10-11',9.89,68,6),(245,'Lamp Rush','2017-08-31','2018-04-12',19.46,17,14),(246,'Small\'s Ragwort','2017-03-01','2018-02-24',4.66,35,14),(247,'Sarmenthypnum Moss','2017-07-17','2018-04-21',1.3,41,21),(248,'Merrit','2017-09-14','2017-12-10',13.64,11,22),(249,'Fewflower Beaksedge','2016-12-25','2018-10-29',19.57,31,5),(250,'Powell\'s Amaranth','2017-06-13','2018-02-09',16.04,38,18),(251,'Eightpetal Mountain-avens','2016-12-06','2018-10-07',2.74,60,7),(252,'Alkali Milkvetch','2017-10-07','2018-01-09',17.02,51,14),(253,'Na\'ena\'e Pua Melemele','2017-10-28','2018-01-08',2.59,3,3),(254,'Hidden Buckwheat','2017-11-28','2018-08-30',17.27,70,13),(255,'Parish\'s Slender Meadowfoam','2017-03-15','2018-01-28',11.57,63,11),(256,'Curly Dock','2017-07-21','2018-03-18',16.75,77,1),(257,'Scarletfruit Passionflower','2017-01-27','2018-04-29',7.67,33,3),(258,'Yellow Hedgehyssop','2017-02-19','2018-04-02',2.45,47,19),(259,'El Yunque Jacanillo','2017-04-05','2018-05-16',7.83,18,14),(260,'Halifax Blackberry','2017-09-21','2018-07-31',1.08,3,13),(261,'Elsholtzia','2016-12-08','2018-06-05',11.19,26,21),(262,'Red Baneberry','2017-07-21','2018-04-21',12.72,34,15),(263,'Rim Lichen','2017-09-27','2018-03-01',17.53,16,11),(264,'Redspine Fishhook Cactus','2017-10-02','2018-06-17',17.77,60,5),(265,'White Sunbonnets','2017-10-13','2018-05-18',5,57,20),(266,'Subalpine Fleabane','2017-09-04','2018-06-17',6.29,2,2),(267,'Speckled False Dandelion','2017-01-16','2018-08-10',14.33,91,7),(268,'Lecidea Lichen','2017-08-09','2018-10-06',8.31,29,7),(269,'Arctoa Moss','2017-08-23','2018-09-05',2.74,18,2),(270,'Paperbush','2017-04-08','2018-06-02',7.77,3,12),(271,'Clothed Umbrella Fern','2016-12-05','2018-08-10',7.07,96,3),(272,'Tweedy\'s Plantain','2016-12-01','2018-05-23',7.86,55,16),(273,'Phascum Moss','2017-10-02','2018-08-15',7.71,60,18),(274,'Red Mangrove','2016-12-22','2018-10-21',10.23,43,19),(275,'Largeflower Spike-primrose','2017-01-25','2018-10-25',12.98,78,10),(276,'Mock Leopardbane','2017-09-28','2018-07-03',6.54,96,4),(277,'Pink Thoroughwort','2017-06-18','2018-07-10',18.69,96,7),(278,'Sierra Mock Stonecrop','2017-08-31','2018-10-28',17.51,63,11),(279,'Fries\' Pussytoes','2017-03-11','2018-06-15',12.11,10,22),(280,'Fan Spikemoss','2017-08-11','2018-02-22',13.31,9,3),(281,'Paxistima','2017-02-22','2017-12-21',3.58,75,22),(282,'Sacramento Mesamint','2017-06-23','2018-02-12',11.2,6,2),(283,'Desertmountain Manihot','2017-04-04','2018-07-16',2.32,4,9),(284,'Andrews\' Blackberry','2017-11-12','2018-01-21',1.7,66,11),(285,'Fanleaf Geranium','2017-07-06','2018-05-19',10.11,5,12),(286,'American Basswood','2017-03-12','2018-01-31',14.1,46,2),(287,'Southwestern Ringstem','2017-04-09','2018-02-20',19.52,36,17),(288,'Eltrot','2017-05-06','2018-11-05',14.1,85,20),(289,'Woolly Locoweed','2017-06-03','2018-02-12',10.28,62,7),(290,'Dwarf Spikerush','2016-12-12','2018-08-17',10,61,22),(291,'Goldenbowl Mariposa Lily','2017-10-23','2017-12-26',11.31,11,2),(292,'Dwarf Bristle Fern','2016-12-26','2018-10-16',8.32,43,17),(293,'African Sheepbush','2017-11-11','2018-11-23',13.4,70,14),(294,'Viscid Lipfern','2017-05-20','2018-01-12',6.82,70,14),(295,'Bolander\'s Monkeyflower','2017-08-24','2018-09-20',19.8,76,18),(296,'Hartweg\'s Golden Sunburst','2017-06-21','2018-10-29',6.22,98,1),(297,'Haplohymenium Moss','2017-04-08','2017-12-30',3.22,22,12),(298,'White Thoroughwort','2017-07-05','2018-09-12',3.57,64,21),(299,'Candle Snuffer Moss','2017-07-27','2018-03-31',6.77,33,8),(300,'Widow\'s Milkvetch','2017-09-05','2018-09-11',12.16,61,16),(301,'Yellowtops','2017-09-01','2018-06-15',8.56,97,5),(302,'New Mexico Yellow Flax','2017-08-12','2018-09-27',16.92,93,5),(303,'Oreganillo','2017-10-24','2018-04-16',17.88,29,15),(304,'Hoary Tansyaster','2017-05-23','2018-09-10',12.32,62,20),(305,'Great Ragweed','2017-03-04','2017-12-04',7.57,58,21),(306,'Small\'s Goldenrod','2017-11-26','2018-05-11',2.31,80,21),(307,'Rinodina Lichen','2017-04-14','2018-09-27',13.77,93,14),(308,'Woolly Plantain','2017-02-27','2018-03-13',4.5,78,3),(309,'Ducksbill Lousewort','2017-02-25','2018-06-28',10.38,79,11),(310,'Common Hoptree','2017-06-11','2018-05-21',18.96,13,13),(311,'Guava','2017-03-26','2018-08-28',15.04,76,12),(312,'Arrowleaf Balsamroot','2017-06-06','2017-12-28',18.81,98,8),(313,'Smooth Cryptantha','2017-10-22','2018-06-13',6.65,18,17),(314,'Lesser Rushy Milkvetch','2017-01-12','2017-12-14',12.86,100,15),(315,'Kingdevil','2017-06-25','2018-01-23',1.22,39,5),(316,'Crested Latesummer Mint','2017-03-27','2018-05-24',19.77,41,15),(317,'Nevada Blazingstar','2017-09-23','2017-12-25',18.95,74,2),(318,'Siberian Dotted Lichen','2017-02-20','2018-09-20',9.72,32,12),(319,'Watson\'s Goldenbush','2017-11-26','2018-05-29',5.83,8,5),(320,'Arrowleaf Milkvine','2017-09-09','2018-04-02',7.3,88,20),(321,'Tortella Moss','2017-02-26','2018-07-31',12.33,70,12),(322,'American Alumroot','2017-08-03','2018-08-17',8.84,19,6),(323,'Lecidea Lichen','2017-02-24','2018-07-19',5.82,5,12),(324,'Pore Lichen','2017-02-02','2018-01-12',8.98,32,10),(325,'Supine Vervain','2017-05-20','2018-01-29',1.59,55,13),(326,'Eurasian Solomon\'s Seal','2017-03-07','2018-08-19',17.92,18,6),(327,'Chaparral Pea','2017-01-08','2018-07-25',2.95,20,11),(328,'Utah Small Camas','2017-04-09','2018-11-14',16.78,26,4),(329,'Stillman\'s Tickseed','2017-03-02','2018-04-25',4.14,35,20),(330,'Mammee Apple','2017-06-25','2018-11-11',6.11,62,16),(331,'Dudley\'s Triteleia','2017-09-01','2018-10-05',17.95,90,9),(332,'Clapweed','2017-03-15','2018-09-22',5.67,23,19),(333,'Sanddune Wallflower','2017-06-13','2018-11-24',18.15,75,20),(334,'Stonecrop','2017-06-05','2018-01-21',16.67,8,7),(335,'Pumice Alpinegold','2017-08-11','2018-06-14',10.02,50,18),(336,'Nightcaps','2017-06-01','2018-05-21',18.39,90,8),(337,'Rhodora','2017-01-28','2018-09-24',5.31,33,16),(338,'Sierra Pea','2017-06-25','2018-06-07',9.64,61,6),(339,'Slimleaf Bean','2017-07-16','2018-08-09',5.47,35,21),(340,'Gander\'s Ragwort','2016-12-19','2018-05-11',15.56,29,1),(341,'Spotted Lupine','2017-09-26','2017-12-19',4.64,36,13),(342,'Fork-bracted Rosemallow','2017-10-01','2017-12-12',8.53,74,1),(343,'Mertens\' Sedge','2017-01-28','2018-08-14',9.32,71,15),(344,'California Prickly Phlox','2017-02-26','2018-11-12',18.64,5,11),(345,'Navajo Fleabane','2017-07-01','2018-08-17',10.06,31,12),(346,'Twining Snoutbean','2017-10-18','2018-05-03',10.32,43,21),(347,'Mountain Spurge','2017-07-26','2018-09-12',5.69,57,2),(348,'Puffsheath Dropseed','2017-09-15','2018-06-11',11.65,100,19),(349,'Coville\'s Endolepis','2017-03-20','2018-01-18',10,63,13),(350,'Ascending Wild Basil','2017-11-26','2018-08-04',18.82,60,11),(351,'Sharppod Rushpea','2017-02-11','2018-05-16',16.78,8,17),(352,'Arthothelium Lichen','2017-07-05','2018-03-02',5.76,79,21),(353,'Veiny Skullcap','2017-06-02','2018-01-08',12.94,71,5),(354,'Arizona Milkvetch','2017-10-22','2018-03-04',9.85,38,11),(355,'Smallflower Fishhook Cactus','2017-01-13','2018-04-07',18.32,34,9),(356,'Myrionora','2017-01-16','2018-03-14',11.3,88,5),(357,'Schimper\'s Acaulon Moss','2017-02-19','2018-09-18',13.73,44,3),(358,'Broadleaf Lupine','2016-12-14','2018-08-04',4.14,17,1),(359,'Grand Canyon Rockdaisy','2017-09-23','2017-12-28',18.34,36,4),(360,'Basketgrass','2017-03-16','2017-11-30',10.82,60,18),(361,'Longstalk Springparsley','2017-05-09','2018-10-04',9.57,17,22),(362,'Sharpleaf Valerian','2017-01-16','2018-09-29',19.39,1,6),(363,'Jones\' Dalea','2017-07-28','2018-10-29',9.15,87,14),(364,'Crabgrass','2017-11-26','2018-02-04',12.05,78,14),(365,'Groutiella Moss','2017-11-04','2018-09-01',19.98,35,16),(366,'Fendler\'s Brachythecium Moss','2017-11-26','2017-12-04',12.46,8,5),(367,'Dusky Onion','2017-03-25','2018-11-22',3.43,51,13),(368,'Goldenheather','2017-08-10','2018-01-31',18.95,35,15),(369,'White Stickpea','2017-11-25','2017-12-16',11.45,99,2),(370,'Skyblue Clustervine','2017-05-09','2017-12-28',8.39,28,1),(371,'Arcadian St. Johnswort','2017-11-28','2018-01-19',16.95,31,8),(372,'Buckwheat','2017-05-15','2018-01-05',16.3,82,1),(373,'Tundra Fescue','2017-10-05','2018-10-14',19.79,95,19),(374,'Pore Lichen','2017-03-03','2017-12-12',16.21,35,14),(375,'Winterfat','2017-03-04','2018-05-21',15.61,33,10),(376,'Harp Onefruit','2017-05-28','2018-09-27',12.67,14,15),(377,'\'ohi\'a Lehua','2017-01-24','2018-11-13',8.52,12,8),(378,'Woody Rockcress','2017-06-03','2018-01-26',19.27,10,10),(379,'Packard\'s Blazingstar','2017-11-26','2018-04-07',5.97,42,5),(380,'Shortfruit Spikerush','2016-12-01','2018-08-03',2.79,9,16),(381,'Oregon Yampah','2017-07-24','2017-12-30',13.64,11,14),(382,'Madieravine','2017-09-21','2018-09-08',1.64,77,21),(383,'Spiderwort','2016-11-30','2018-11-03',11.18,51,6),(384,'Santa Lucia Horkelia','2017-05-05','2018-03-24',4.03,62,16),(385,'Aongstroemia Moss','2017-08-13','2018-06-02',14.29,85,21),(386,'Sticky Florestina','2017-03-14','2018-06-20',16.51,57,13),(387,'Cutleaf Silverpuffs','2017-06-03','2018-10-27',8.88,93,12),(388,'Bellflower Clematis','2017-08-05','2018-10-25',7.71,72,13),(389,'Craterostigma','2017-04-25','2018-06-20',19.12,61,2),(390,'Mountain Goldenbanner','2016-12-02','2018-10-02',3.97,18,10),(391,'Woolyspike Balsamscale','2017-11-20','2017-12-27',7.03,40,2),(392,'Hungarian Clover','2017-05-27','2018-11-08',15.88,61,4),(393,'Tall Blazing Star','2017-09-24','2018-04-12',8.35,97,17),(394,'Pacific Trillium','2017-02-16','2018-01-02',11.73,44,12),(395,'Commelina','2017-02-22','2017-12-20',9.68,29,19),(396,'New Mexico Rockdaisy','2016-12-25','2017-12-15',11.28,36,6),(397,'Fineleaf Hymenopappus','2017-06-02','2018-08-13',8.26,77,22),(398,'Streambank Bittercress','2017-09-14','2017-12-18',17.05,98,13),(399,'Palespike Lobelia','2017-03-07','2018-09-16',7.41,34,10),(400,'White Cypress-pine','2017-09-06','2018-01-07',18.67,57,19),(401,'Smooth Fanpetals','2017-08-09','2018-05-19',14.56,32,4),(402,'Dwarf Mountain Ragwort','2017-07-29','2018-01-13',15.43,56,2),(403,'Fluxweed','2017-10-03','2018-04-09',19.07,1,14),(404,'Water-starwort','2017-10-22','2017-12-02',16.71,55,22),(405,'Red Buckthorn','2016-12-19','2018-01-16',15.47,40,12),(406,'Welsh Mudwort','2017-02-05','2018-09-05',1.73,11,17),(407,'Coville\'s Groundsmoke','2017-10-15','2018-11-23',11.37,64,2),(408,'Spilonema Lichen','2017-04-30','2018-04-27',7.59,10,13),(409,'Calamondin','2017-10-13','2018-07-20',6.91,74,5),(410,'Witchhazel','2016-12-23','2018-02-11',9.42,74,2),(411,'Aleutian Selfheal','2017-01-07','2018-11-02',6.9,77,5),(412,'Hybrid Oak','2017-10-30','2017-12-03',3.86,22,19),(413,'Longtip Lacebark','2017-03-31','2018-06-19',2.17,56,17),(414,'Violet Milkwort','2017-04-29','2018-03-09',7.09,76,4),(415,'California Needlegrass','2017-08-01','2018-09-12',2.88,34,5),(416,'Chalice Lichen','2016-12-14','2018-08-04',7.31,10,11),(417,'Tiplant','2017-06-23','2018-10-29',19.38,69,21),(418,'Rinodina Lichen','2017-05-06','2017-12-08',14.51,61,4),(419,'Goldenrain Tree','2017-09-26','2018-02-19',7.75,89,20),(420,'White Thoroughwort','2017-03-03','2018-11-13',5,61,12),(421,'Small Limestone Moss','2017-09-14','2018-05-08',19.94,81,17),(422,'Abrupttip Maiden Fern','2017-07-16','2018-06-07',13.4,73,9),(423,'Sawleaf Bush Penstemon','2017-06-13','2018-10-11',12.28,57,22),(424,'Earleaf Brickellbush','2017-07-25','2018-09-20',12.83,53,8),(425,'Prairie Dropseed','2017-07-26','2018-08-07',19.34,57,17),(426,'Devil\'s Shoestring','2017-03-10','2018-06-16',11.04,70,1),(427,'Spike Lichen','2016-12-21','2018-03-27',18.55,83,11),(428,'Hairy Grey Heather','2017-05-01','2018-05-29',3.28,12,8),(429,'Jaeger\'s Joshua Tree','2017-11-08','2018-05-21',14.94,95,10),(430,'Divine Nightshade','2016-12-04','2018-11-14',3.1,46,13),(431,'Tussock Paspalum','2017-01-15','2018-08-25',11.26,66,20),(432,'Broadleaf Glandweed','2016-12-20','2018-01-17',14.65,78,10),(433,'Challis Milkvetch','2017-09-26','2018-10-30',15.6,61,20),(434,'Strigula Lichen','2017-05-25','2018-05-19',9.24,78,14),(435,'Controverial Weissia Moss','2016-12-22','2018-06-28',9.91,97,20),(436,'Loeskypnum Moss','2016-11-30','2017-12-04',15.12,82,22),(437,'Hayden\'s Sedge','2017-05-16','2017-12-22',15.34,64,8),(438,'Hawai\'i Woodrush','2017-03-22','2017-12-26',13.77,46,9),(439,'Kopa','2017-01-19','2018-08-30',6.97,73,17),(440,'Bush Honeysuckle','2017-11-11','2018-11-07',12.31,35,10),(441,'Limestone Violet','2017-11-01','2018-11-22',11.31,89,2),(442,'Ironweed','2017-09-28','2018-03-24',18.48,38,20),(443,'Pink Shower','2016-12-17','2018-08-07',18.66,29,11),(444,'European Black Elderberry','2017-05-21','2018-06-28',18.61,13,16),(445,'Leafy Nama','2016-12-19','2018-10-10',5.25,31,5),(446,'Schaack\'s Barley','2016-12-28','2018-09-23',18.71,28,20),(447,'Green Teatree','2017-03-17','2018-07-06',18.64,77,20),(448,'Grand Eucalyptus','2017-03-20','2018-10-25',1.86,36,1),(449,'Arctic Groundsel','2017-07-17','2018-03-27',13.91,82,17),(450,'Domingan Coccocarpia Lichen','2017-03-27','2018-06-14',8.47,24,20),(451,'Fragilegrass','2017-08-27','2018-01-16',1.16,36,12),(452,'Protoparmelia Lichen','2017-09-20','2018-11-10',12.15,37,16),(453,'Beaked Cornsalad','2017-05-03','2018-07-28',12.26,40,5),(454,'Lady\'s Tresses','2017-03-20','2018-01-16',9.9,7,22),(455,'Club Lichen','2017-05-15','2018-11-01',16.76,90,22),(456,'American Pokeweed','2017-08-23','2017-12-03',19.18,27,3),(457,'Whisperingbells','2017-09-10','2018-10-14',7.45,41,16),(458,'Gmelin\'s Sedge','2017-01-12','2018-02-01',17.28,38,2),(459,'Mousetail','2017-05-23','2018-01-31',7.67,76,11),(460,'Dot Lichen','2017-07-28','2017-12-23',14.12,98,4),(461,'Devil In The Bush','2017-11-05','2018-08-21',8.22,62,6),(462,'Phyllopsora Lichen','2017-02-15','2018-01-05',13.87,76,3),(463,'False Boneset','2017-07-14','2018-05-24',10.53,17,3),(464,'July Gold','2017-08-04','2018-06-27',5.58,9,19),(465,'Hato Tejas','2017-04-22','2018-01-21',3.85,42,15),(466,'Fort Miller Clarkia','2017-10-11','2018-09-27',8.04,20,2),(467,'Agoseris','2017-07-31','2018-11-22',13.98,34,5),(468,'Beadle\'s Mountainmint','2017-10-08','2018-11-04',5.91,12,6),(469,'Lanceleaf Cottonwood','2017-04-21','2018-03-25',18.91,49,4),(470,'Leucas','2017-11-27','2018-04-26',11.33,21,19),(471,'Bailey\'s Ivesia','2017-09-05','2018-04-29',3.11,65,6),(472,'Havardia','2017-05-23','2017-12-29',16.26,30,13),(473,'Peperomia','2016-12-06','2018-10-03',2.26,48,19),(474,'Bosc\'s Panicgrass','2017-02-09','2018-10-06',11.46,82,2),(475,'Carribean Island Spikesedge','2017-09-07','2018-04-09',1.87,84,1),(476,'Sprangletop','2017-07-16','2018-08-27',6.6,79,14),(477,'Mojave Milkvetch','2017-04-13','2018-09-05',17.5,12,14),(478,'Hillman\'s Panicgrass','2016-11-30','2018-05-17',6.62,22,3),(479,'Serpentine Bittercress','2017-01-10','2018-06-08',19.96,58,9),(480,'Larkspurleaf Monkshood','2017-02-07','2018-01-04',19.43,70,5),(481,'Stemless Ironweed','2017-06-24','2017-12-25',5.32,93,7),(482,'Black Baneberry','2017-02-04','2018-06-30',12.33,51,16),(483,'Cooper\'s Goldenbush','2017-01-02','2018-04-21',10.77,43,4),(484,'Oak Creek Triteleia','2017-09-08','2018-03-12',9.01,19,22),(485,'Roundleaf Eyebright','2016-12-15','2018-05-01',19.41,54,21),(486,'Psilopilum Moss','2017-02-18','2018-09-11',5.91,78,8),(487,'Shortbeard Plumegrass','2017-04-06','2018-03-09',14.77,87,13),(488,'Silver Tussock','2017-07-02','2018-04-23',10.01,79,21),(489,'Bulrush','2017-09-14','2018-06-27',13.69,4,6),(490,'Arrabidaea','2017-11-08','2018-08-08',10.47,51,14),(491,'Turnor\'s Willow','2017-09-06','2018-06-30',18.14,100,14),(492,'Wart Lichen','2017-07-02','2018-08-14',18.85,48,15),(493,'Succisella','2017-08-05','2018-05-29',2.77,93,5),(494,'Drummond Moss','2017-08-03','2018-04-13',16.13,34,13),(495,'Canby\'s Angelica','2017-03-28','2018-07-30',15.8,18,13),(496,'California Bentgrass','2017-07-06','2018-03-22',15.86,17,11),(497,'Kennedy\'s Buckwheat','2017-11-04','2018-08-07',7.21,70,19),(498,'Scottish Licorice-root','2017-08-26','2018-03-28',6.27,50,19),(499,'Mosquitofern','2017-03-03','2018-02-19',9.1,46,15),(500,'Oxford Ragwort','2017-02-04','2018-11-19',2.68,58,12),(501,'Cosson\'s Limprichtia Moss','2017-03-19','2018-11-09',3.01,24,15),(502,'Pinemat','2017-10-03','2018-05-25',16.92,85,14),(503,'Hairy Small-leaf Ticktrefoil','2017-03-12','2018-02-02',10.59,81,20),(504,'Athelia Lichen','2017-02-18','2018-05-20',14.1,90,18),(505,'Richardson\'s Calliergon Moss','2017-08-27','2018-10-10',15.83,2,8),(506,'California Alsia Moss','2017-09-07','2018-09-26',15.41,65,12),(507,'Desert Rose','2017-10-17','2018-10-19',13.76,53,19),(508,'Davidson\'s Rockcress','2017-10-01','2018-09-04',18.83,51,12),(509,'Starke\'s Kiaeria Moss','2017-06-08','2018-08-02',8.25,73,21),(510,'Dunkeld Larch','2016-12-29','2018-08-18',8.3,73,13),(511,'Papillate Rinodina Lichen','2017-03-12','2018-02-26',19.89,75,7),(512,'Bristleleaf Pricklyleaf','2017-07-05','2018-10-08',8.9,96,16),(513,'Maryland Goldenaster','2017-02-17','2018-07-21',15.72,87,16),(514,'Pingpong-ball Cactus','2017-04-27','2018-06-18',15.64,74,13),(515,'Knobcone Pine Dwarf Mistletoe','2017-09-01','2018-10-27',1.89,68,14),(516,'Parmotrema Lichen','2017-04-11','2018-01-11',2.78,54,4),(517,'San Diego Coastalcreeper','2017-10-23','2018-01-04',19.51,33,11),(518,'Trumpet Gooseberry','2017-03-06','2018-10-06',3.75,24,11),(519,'False Diamondflower','2017-06-26','2018-05-10',8.38,89,10),(520,'Delta Bulrush','2017-02-07','2018-11-20',6.13,36,1),(521,'Christmas Mistletoe','2017-05-02','2018-11-21',15.16,84,21),(522,'Tuerckheimia Moss','2017-10-25','2018-11-22',12.27,31,16),(523,'Cinnamon','2016-12-25','2018-10-12',1.4,57,16),(524,'Sand Post Oak','2017-02-28','2018-03-21',19.11,76,13),(525,'Eastwoodia','2017-10-14','2018-04-12',8.59,17,18),(526,'Aneilema','2017-06-10','2018-02-15',16.38,96,2),(527,'Intermountain Indian Breadroot','2017-02-01','2018-04-21',4.49,10,22),(528,'Arctic Cratoneuron Moss','2017-02-19','2018-02-05',14.69,85,4),(529,'Acrocordia Lichen','2017-07-02','2018-09-17',11.83,62,17),(530,'Sanddune Wallflower','2017-04-09','2018-05-04',15.58,87,21),(531,'Rye Brome','2017-08-01','2018-05-08',4.52,70,1),(532,'River False Buttonweed','2017-05-27','2018-09-22',18.69,47,7),(533,'Pyrenopsis Lichen','2017-05-07','2018-02-06',3.68,63,16),(534,'Crinkled Passionflower','2017-10-12','2018-03-20',4.34,72,19),(535,'Yellow Marsh Marigold','2017-08-18','2018-11-28',5.08,33,10),(536,'Thevetia','2017-09-04','2018-09-26',6.94,59,22),(537,'Rocky Mountain Rush','2017-11-07','2018-10-24',17.57,47,4),(538,'Island Schiedea','2017-11-26','2018-05-13',1.62,96,20),(539,'Umtanum Desertparsley','2017-07-25','2018-06-19',8.49,29,7),(540,'Cancer-root','2017-06-24','2018-05-17',2.78,11,10),(541,'Bottlebrush Buckeye','2017-08-30','2018-02-04',17.51,20,22),(542,'Merismatium Lichen','2017-03-23','2018-03-05',8.58,67,17),(543,'Litsea','2017-10-10','2017-12-27',9.82,27,1),(544,'Scarlet Spiral-ginger','2017-03-09','2018-04-21',3.5,50,11),(545,'Nestronia','2017-01-19','2018-05-11',10.16,26,2),(546,'Sagebrush','2017-03-11','2017-12-06',10.33,90,1),(547,'Bloody Butcher','2017-05-07','2018-08-10',10.98,24,21),(548,'Silver Beardgrass','2017-08-04','2018-07-08',10.59,47,12),(549,'Velvet Groundsel','2017-02-16','2018-10-07',7.82,64,6),(550,'Agyrium Lichen','2017-04-17','2018-04-01',8.91,80,1),(551,'Cypress Panicgrass','2017-01-18','2018-06-26',19.45,20,6),(552,'Hooker\'s Scratchdaisy','2017-08-21','2018-08-17',2.29,65,3),(553,'Dune Fescue','2017-03-29','2018-02-27',4.64,9,1),(554,'Canyon Mock Orange','2017-05-27','2018-03-25',2.31,3,15),(555,'Purpleflower Pinkroot','2017-06-26','2018-05-26',7.48,67,10),(556,'Rusby\'s Milkvetch','2017-05-06','2018-04-15',10.24,32,14),(557,'Raup\'s Willow','2017-06-09','2018-09-06',19.43,81,3),(558,'Barbella Moss','2017-10-16','2018-03-18',1.7,96,1),(559,'Chickpea Milkvetch','2017-06-05','2018-11-22',14.42,42,22),(560,'Small Burnet','2017-03-03','2018-05-04',11.06,15,19),(561,'Prairie Sandreed','2017-04-26','2018-11-27',15,10,2),(562,'Cannonball Tree','2016-12-15','2018-09-23',3.5,79,7),(563,'Mid Bladderpod','2017-02-17','2018-10-20',15.95,70,19),(564,'Cuban-lily','2016-12-31','2018-10-01',18.36,69,16),(565,'Tropical Almond','2017-10-11','2018-01-04',5.25,64,14),(566,'Clustered Lady\'s-mantle','2017-06-08','2018-09-29',15.74,11,22),(567,'Bluethread','2017-03-14','2018-09-09',12.61,39,2),(568,'Golden Gladecress','2017-01-29','2018-03-29',14.54,65,22),(569,'Common Frogbit','2017-03-21','2018-01-28',1.3,83,1),(570,'Bajada Lupine','2017-09-04','2018-11-26',2.51,57,22),(571,'Sierra Gooseberry','2017-11-14','2018-07-22',6.62,40,13),(572,'Tube Lichen','2017-05-30','2018-01-30',18.01,96,5),(573,'Purpleflower Pinkroot','2017-07-23','2017-12-02',15.19,80,2),(574,'Smooth Phacelia','2017-09-23','2018-06-19',4.46,63,14),(575,'Oxeye','2017-03-04','2018-05-04',4.87,25,22),(576,'Wart Lichen','2016-11-29','2018-08-08',4.47,77,12),(577,'Loganberry','2017-04-19','2018-04-10',4.59,68,2),(578,'Fissidens Moss','2016-12-26','2018-03-30',6.4,41,3),(579,'San Diego Bush Monkeyflower','2016-12-08','2018-01-03',13.56,28,9),(580,'Astrothelium Lichen','2017-01-04','2018-07-21',4.25,88,3),(581,'Thompson\'s Buckwheat','2017-01-06','2018-08-31',2.06,40,15),(582,'Yate','2017-10-30','2018-09-18',17.72,79,8),(583,'Flatleaf Bladderwort','2017-10-28','2018-03-24',14.99,3,18),(584,'Oneflower Vetch','2017-10-25','2017-12-06',8.22,77,1),(585,'Ramensk\'s Sedge','2017-10-31','2018-01-16',16.81,4,9),(586,'Siskiyou Fleabane','2017-04-20','2018-11-19',10.39,55,9),(587,'Thuidium Moss','2017-10-25','2018-02-23',3.04,70,9),(588,'Bryum Moss','2017-04-17','2018-09-08',4.95,71,13),(589,'Fragrant False Garlic','2017-08-09','2018-07-21',10.62,77,10),(590,'Beach Naupaka','2017-07-02','2018-06-03',5.68,1,17),(591,'Douglas\' Neckera Moss','2017-08-02','2018-06-24',17.04,85,11),(592,'Cicada Milkvetch','2017-04-26','2017-12-24',7.64,16,6),(593,'Bigleaf Maple','2017-06-21','2018-10-05',6.25,29,19),(594,'Smallflower Thoroughwort','2017-10-26','2018-09-03',4.95,13,9),(595,'Bristlecup Sandmat','2017-06-16','2018-06-22',13.48,10,17),(596,'Krause\'s Sorrel','2017-05-16','2018-10-06',18.92,36,19),(597,'Blackish Oxytrope','2017-08-27','2018-07-20',10.33,36,3),(598,'Teton Wirelettuce','2017-10-19','2018-11-11',6.02,15,18),(599,'Kennedy\'s Blackberry','2017-02-20','2018-11-26',2.45,60,7),(600,'California Clematis','2017-07-06','2018-06-09',15.54,50,2),(601,'Avispillo','2017-05-20','2018-09-28',16.17,26,3),(602,'Castilloa Rubber','2017-04-07','2018-01-02',16.5,74,7),(603,'Heterophyllium Moss','2017-07-18','2018-07-10',12.24,100,6),(604,'Oregon Silene','2017-10-01','2018-05-15',16.56,78,14),(605,'Pictetia','2017-06-07','2018-06-23',19.79,13,8),(606,'Shasta Popcornflower','2017-07-08','2018-06-12',18.26,99,9),(607,'Orthotrichum Moss','2017-01-01','2018-08-17',10.14,37,22),(608,'Sandpaper Plant','2017-06-25','2018-06-30',2.99,24,11),(609,'Woodbury\'s Netvine','2017-10-22','2018-08-15',10.33,68,11),(610,'Wideleaf Waterparsnip','2017-01-27','2018-06-28',8.88,31,13),(611,'Old Wood Rimmed Lichen','2017-11-23','2018-05-07',19.19,97,9),(612,'Lilac Chastetree','2017-04-14','2018-07-04',8.38,33,2),(613,'Chinese Licorice','2017-06-29','2018-06-05',8.55,29,8),(614,'Chiricahua Mountain Brookweed','2016-12-14','2018-09-17',17.18,24,1),(615,'Wallroth\'s Mycomicrothelia Lichen','2017-10-08','2017-12-06',18.71,2,18),(616,'Dotleaf Waterlily','2017-05-26','2018-11-03',1.63,34,8),(617,'Slender Rushpea','2017-08-30','2018-06-15',17.18,9,14),(618,'Gyalidea Lichen','2017-03-27','2018-05-13',9.25,12,22),(619,'Cephalaria','2017-11-19','2018-09-21',18.18,23,17),(620,'Rosette Lichen','2017-06-26','2018-11-08',15.16,45,1),(621,'Subarctic Ladyfern','2017-03-28','2018-06-09',5.81,85,2),(622,'Birdcage Evening Primrose','2017-01-30','2018-07-30',1.49,72,3),(623,'Scabland Sagebrush','2017-06-01','2018-11-13',12.81,45,21),(624,'Lecania Lichen','2017-03-24','2018-05-28',19.57,29,12),(625,'Coast Checkerbloom','2017-11-25','2018-07-16',18.55,51,12),(626,'Loma Prieta','2017-09-12','2018-07-15',17.93,7,4),(627,'Broadleaf Solomon\'s Seal','2017-07-25','2018-06-04',17.22,91,14),(628,'Coastal Plain Goldenaster','2017-11-05','2018-01-15',7.21,87,4),(629,'Rim Lichen','2017-03-22','2018-06-26',18.07,1,7),(630,'Chinese Milk-vetch','2017-04-12','2018-09-14',18.79,21,20),(631,'Macomb\'s Ipomopsis','2017-03-13','2017-12-22',9.24,86,10),(632,'Michaux\'s Croton','2017-09-19','2018-02-05',8.89,52,17),(633,'Russell\'s Fishscale Lichen','2017-09-08','2018-03-09',12.73,18,3),(634,'Twolobe Larkspur','2017-10-19','2018-02-12',12.47,21,6),(635,'Aloe','2017-04-22','2018-04-23',2.06,51,12),(636,'Rosette Lichen','2017-09-18','2018-07-16',12.2,83,7),(637,'Airplant','2017-07-29','2018-09-18',1.6,73,5),(638,'Clayton\'s Sweetroot','2017-02-24','2017-12-08',12.86,54,10),(639,'Snakeroot','2016-12-13','2018-02-25',8.92,30,2),(640,'White Fir','2017-02-07','2018-06-16',5.31,29,7),(641,'Greenland Lecania Lichen','2017-05-08','2017-12-14',3.89,55,4),(642,'Herbertia','2016-12-20','2018-10-02',15.84,33,17),(643,'Moutan Peony','2017-05-29','2018-09-06',1.15,26,17),(644,'Oldfield Sneezeweed','2017-03-01','2018-08-14',16.62,69,7),(645,'Puget Cherry','2017-04-10','2018-07-10',15.91,52,15),(646,'Mule-ears','2017-10-07','2018-02-04',11.21,75,8),(647,'Brewer\'s Erigeron','2017-02-02','2018-07-12',14.39,98,15),(648,'Devil\'s Bite','2017-05-11','2018-09-26',18.63,70,14),(649,'Peirson\'s Pincushion','2017-03-15','2018-01-10',15.6,58,20),(650,'Biatora Lichen','2016-12-10','2018-03-27',13.26,22,6),(651,'Texas Skeletonplant','2017-03-19','2018-09-13',18.06,64,21),(652,'Spanish Moss','2017-04-21','2018-07-04',10.19,13,18),(653,'Arctic Alpine Fleabane','2017-10-06','2018-06-28',3,93,19),(654,'Mappia','2017-04-23','2018-08-20',2.98,27,18),(655,'Sandhill Amaranth','2017-09-16','2018-05-17',4.78,68,14),(656,'Gattinger\'s Rosinweed','2017-02-21','2018-08-27',5.39,20,11),(657,'Pensylvania Blistered Naval Lichen','2017-06-30','2018-07-18',1.19,59,6),(658,'Ithaca Blackberry','2017-02-05','2017-12-24',11.99,34,16),(659,'Wild Quinine','2017-04-13','2018-04-10',9.87,67,21),(660,'Coast Range False Bindweed','2017-08-06','2018-07-24',6.42,13,10),(661,'Parish\'s Needlegrass','2017-11-19','2018-01-28',2.49,42,8),(662,'Twotooth Sedge','2017-08-12','2018-09-16',3.92,19,4),(663,'Cuban Wart Lichen','2017-10-18','2017-12-17',10.88,17,3),(664,'White Lobelia','2017-04-20','2018-03-19',8.71,48,3),(665,'Turkey Pea','2017-11-28','2018-04-27',17.6,26,7),(666,'Aulaxina Lichen','2016-12-12','2018-03-13',3.6,19,12),(667,'Laurel Oak','2017-05-19','2018-07-20',11.02,100,7),(668,'Peepul Tree','2017-10-22','2018-01-09',16.73,84,4),(669,'Wooton\'s Holdback','2017-11-28','2018-01-07',3.9,88,1),(670,'Map Lichen','2017-08-31','2018-09-19',7.2,91,22),(671,'Jacob\'s-ladder','2017-03-02','2018-01-23',16.53,30,13),(672,'Marvel Dewberry','2017-02-25','2018-02-09',13.32,88,12),(673,'Australian Redcedar','2017-06-11','2018-11-18',15.78,40,19),(674,'Cloudcroft Phacelia','2017-01-25','2017-12-15',10.1,2,6),(675,'Bluestem Yucca','2017-03-02','2018-03-21',1.16,71,12),(676,'Slender Flatsedge','2017-06-02','2018-01-13',1.73,100,3),(677,'Poison Ash','2017-09-17','2018-04-11',19.07,38,10),(678,'Wildginger','2017-05-07','2018-06-29',11.35,23,2),(679,'Smilograss','2017-03-28','2018-11-14',8.83,95,11),(680,'Leafy Pondweed','2017-01-15','2018-02-10',5.54,94,13),(681,'Cliff Buckwheat','2017-09-14','2018-05-30',8,96,3),(682,'Panicum','2017-10-24','2018-09-23',13.08,76,19),(683,'Ulota Moss','2017-07-15','2018-10-13',7.84,52,21),(684,'Eltroplectris','2017-07-07','2018-06-23',12.77,40,17),(685,'Narrowleaf Grapefern','2016-12-16','2018-11-09',18.78,37,20),(686,'Broomleaf Toadflax','2017-04-16','2018-06-30',8.24,72,9),(687,'Texas Plains Indian Breadroot','2017-08-29','2018-01-12',5.94,9,8),(688,'Catclaw Mimosa','2017-07-31','2018-05-06',11.7,53,19),(689,'Big Bend Woodyaster','2017-08-09','2018-01-03',19.1,46,15),(690,'Ischaemum','2017-05-15','2018-02-10',4.06,3,12),(691,'Canyon Bird\'s-foot Trefoil','2017-03-28','2018-09-17',10.99,87,2),(692,'Garlicvine','2017-11-01','2018-04-19',15.39,61,1),(693,'Lanilla','2017-01-30','2018-01-08',17.03,20,4),(694,'Nodding Sedge','2017-10-29','2018-01-06',15.5,88,15),(695,'Mt. Diablo Manzanita','2017-07-19','2018-08-17',17.04,90,13),(696,'Reflexed Saxifrage','2017-02-12','2018-03-03',14.61,83,19),(697,'Hoarypea','2017-07-07','2018-03-31',2.44,81,7),(698,'Low Philonotis Moss','2017-11-24','2018-07-14',5.84,57,10),(699,'Hillside Vervain','2017-05-07','2018-11-12',17.83,83,8),(700,'Agassiz\'s Schistidium Moss','2017-03-26','2018-01-01',15.39,93,10),(701,'Vortriede\'s Spineflower','2017-05-17','2018-03-16',3.4,10,5),(702,'Chamisso\'s Manfern','2017-10-27','2018-07-06',12.66,1,17),(703,'Asian Ticktrefoil','2017-08-14','2018-05-20',16.51,61,19),(704,'Oval-leaf Milkweed','2017-05-22','2018-06-15',10.9,11,1),(705,'Starscale Fern','2017-11-21','2018-01-26',14.5,43,1),(706,'Ravenfoot Sedge','2016-12-28','2018-04-24',7.72,13,11),(707,'Royal Cudweed','2016-12-05','2017-12-05',4.67,21,20),(708,'Herman\'s Dwarf Rush','2017-09-14','2018-08-29',19.98,62,9),(709,'Brome-like Sedge','2017-05-12','2018-05-23',7,51,2),(710,'Greenland Fescue','2017-07-11','2018-01-13',14.42,73,9),(711,'Kay\'s Grama','2017-05-08','2018-09-17',11.64,11,4),(712,'Hawai\'i Brushholly','2017-08-14','2018-04-07',19.85,53,8),(713,'Texas Milkvine','2017-02-26','2018-04-15',16.59,73,15),(714,'Slender Monkeyflower','2017-03-05','2018-09-29',1.25,67,2),(715,'Zwackhiomyces Lichen','2017-06-21','2018-08-19',14.8,78,16),(716,'Cyphomandra','2017-08-15','2018-08-06',16.96,13,15),(717,'Long-hair Silverscale','2017-09-04','2018-02-03',4.43,75,2),(718,'Tetraplasandra','2017-11-02','2018-03-22',3.4,56,6),(719,'Littleleaf Silverback','2017-06-24','2017-12-20',15.22,9,6),(720,'Sticky Monkeyflower','2017-04-13','2018-01-20',1.11,72,9),(721,'Munz\'s Cholla','2017-05-14','2018-06-08',15.45,92,4),(722,'Lonestar Gumweed','2017-05-15','2018-05-25',18.79,29,9),(723,'Maui Panicgrass','2017-07-27','2018-04-12',7.37,11,5),(724,'Parish\'s Yampah','2017-02-06','2018-05-19',12.52,6,15),(725,'Thoroughwort','2017-11-20','2018-11-18',3.78,26,9),(726,'Livermore Stickseed','2017-09-02','2018-06-27',17.55,90,11),(727,'Limprichtia Moss','2017-07-17','2018-07-09',4.09,81,19),(728,'Tall Blazing Star','2016-12-09','2018-01-10',1.7,8,12),(729,'Jamaican Nettletree','2017-03-24','2018-01-25',5.12,93,18),(730,'Henry\'s Spiderlily','2017-08-12','2018-09-02',3.79,69,5),(731,'Florida Milkpea','2017-09-10','2018-04-05',1.38,10,17),(732,'Mock Leopardbane','2017-11-06','2018-08-20',10.11,65,9),(733,'Knowlton\'s Miniature Cactus','2017-10-24','2018-09-10',17.64,36,10),(734,'Bladderpod Spiderflower','2017-09-25','2018-09-04',3.96,46,18),(735,'Hydrocharis','2017-04-18','2018-06-23',17.37,22,22),(736,'Gordon\'s Bladderpod','2016-12-27','2018-09-18',8.88,37,13),(737,'Sasswood','2017-07-27','2018-10-15',3.54,56,1),(738,'Downy Hawthorn','2017-09-29','2018-02-11',17.81,61,19),(739,'Prairie Phlox','2017-09-15','2018-03-30',14.86,90,16),(740,'Hasse\'s Psorotichia Lichen','2017-10-24','2018-05-10',19.67,58,8),(741,'Western Indian Paintbrush','2017-05-10','2018-03-25',3.89,78,14),(742,'Mitchell\'s Sedge','2017-03-19','2018-01-06',1.87,47,20),(743,'King\'s Sandwort','2017-07-26','2018-07-03',12.55,85,20),(744,'Whorled Wood Aster','2017-11-10','2017-12-12',12.77,22,14),(745,'Scarlet Hawthorn','2017-09-30','2018-09-05',2.96,74,6),(746,'Hawai\'i Alectryon','2017-01-21','2018-03-24',13.68,21,9),(747,'Mexican Cologania','2017-09-21','2018-02-21',11.25,90,10),(748,'False Venus\' Looking Glass','2017-03-02','2018-06-17',10.03,96,17),(749,'Moss Phlox','2017-09-19','2018-05-07',14.26,18,1),(750,'Ruscus-leaf Bamboo','2017-06-21','2018-03-25',7.57,63,7),(751,'Japanese Jasmine','2017-04-16','2018-08-11',12.7,40,18),(752,'Witch\'s Moneybags','2016-12-30','2018-11-04',7.75,77,13),(753,'Rapp\'s Ramonia','2017-03-19','2018-06-03',2.85,74,10),(754,'Doublet','2017-06-01','2018-05-04',9.2,98,17),(755,'West Indian Bristlegrass','2017-08-23','2018-06-17',2.69,16,22),(756,'Glenwood Milkvetch','2017-09-01','2018-11-12',10.65,41,15),(757,'Slender-spire Orchid','2017-10-15','2018-04-19',9.39,34,7),(758,'Scorzonera','2017-07-22','2018-06-21',13.57,60,20),(759,'Phacopsis Lichen','2016-12-28','2018-06-08',2.33,94,8),(760,'Danny\'s Skullcap','2017-09-19','2018-01-01',16.52,79,14),(761,'Alexander\'s Rock Aster','2017-04-13','2018-11-26',5.95,73,15),(762,'Texas Fluffgrass','2017-08-04','2018-03-24',16.08,67,1),(763,'Lecidea Lichen','2016-12-21','2018-02-05',8.78,7,18),(764,'Rough Stickseed','2017-04-13','2018-08-20',5.44,39,14),(765,'Upright Myrtle Spurge','2017-08-25','2018-03-13',14.48,10,3),(766,'Charleston Mountain Silverbush','2017-03-22','2018-11-20',12.65,100,10),(767,'Lapalapa','2017-07-07','2018-07-02',9.7,45,18),(768,'Cusick\'s Giant Hyssop','2017-10-19','2018-09-22',2.17,99,10),(769,'Pine Barren Goldenrod','2017-11-15','2018-05-03',16.49,2,13),(770,'Sandhill Oak','2017-09-20','2018-06-22',7.54,61,19),(771,'Lecidea Lichen','2017-08-21','2018-11-13',18.49,30,21),(772,'Cultivated Tobacco','2017-03-03','2018-02-19',1.09,20,1),(773,'Longpod Stitchwort','2017-10-23','2018-02-16',13.1,8,3),(774,'Bingen Lupine','2016-12-04','2018-11-28',1.19,63,9),(775,'Giant False Spiraea','2017-05-26','2018-11-03',17.78,29,18),(776,'Thelidium Lichen','2017-01-15','2018-02-14',19.32,7,12),(777,'Tropical Puff','2017-06-14','2018-02-10',11.55,84,9),(778,'Rockspirea','2016-12-08','2018-03-29',7.89,52,10),(779,'Cottony Goldenaster','2017-11-22','2018-04-26',8.21,13,4),(780,'King Bladderpod','2016-12-30','2018-02-15',15.18,44,13),(781,'Mexican Bedstraw','2017-09-09','2018-08-30',10.91,73,13),(782,'Common Yarrow','2017-01-12','2017-12-14',13.39,27,15),(783,'Knotted Rush','2017-09-05','2017-12-10',1.34,93,3),(784,'Pinewoods Lousewort','2017-03-03','2018-10-16',5.11,38,14),(785,'Sheep Milkvetch','2017-08-22','2018-09-28',14.81,27,21),(786,'Curtiss\' Yelloweyed Grass','2017-04-10','2018-06-18',14.05,75,12),(787,'Littlecup Beardtongue','2017-10-25','2018-03-19',17.89,31,15),(788,'Blueberry','2017-07-25','2018-09-25',6.64,68,7),(789,'Red Beaksedge','2017-03-21','2018-10-23',7.71,61,19),(790,'Hoary Bahia','2017-03-26','2018-08-14',11.51,5,11),(791,'Woollyleaf Manzanita','2017-07-03','2018-05-28',8.67,98,18),(792,'Hardy Swamplily','2017-03-26','2018-06-24',6.64,74,21),(793,'Foothill Clover','2017-05-27','2018-05-17',4.45,18,14),(794,'Plumed Spikemoss','2017-10-02','2018-08-29',13.9,62,10),(795,'Tarweed','2017-10-01','2018-02-03',5.13,93,7),(796,'Spanish Lady','2017-06-28','2018-04-30',4.09,18,22),(797,'Tall Fleabane','2017-07-22','2018-01-14',1.28,78,21),(798,'Labillardiere\'s Clover','2017-09-07','2018-06-14',5.88,50,10),(799,'Southern Fimbry','2017-01-09','2018-10-21',8.53,99,5),(800,'Yellow Loosestrife','2017-05-07','2018-11-10',14.9,24,16),(801,'Licania','2017-06-18','2018-04-05',4.64,58,2),(802,'Fendler\'s Townsend Daisy','2016-12-05','2018-03-07',13.03,48,18),(803,'Ross\' Sandwort','2017-05-24','2018-03-30',12.95,66,5),(804,'Pacific Stonecrop','2017-08-15','2018-01-11',11.4,47,6),(805,'Lupine Clover','2017-05-30','2018-02-15',3.12,83,7),(806,'Mucronate Sprangletop','2017-07-30','2018-02-26',16.02,47,20),(807,'Bud Saxifrage','2017-10-03','2018-02-19',4.18,35,12),(808,'Ragged Marsh-elder','2017-07-21','2018-09-06',17.16,15,3),(809,'West Indian Hairsedge','2017-07-21','2018-02-22',14.54,42,6),(810,'Texas Desert Goldenrod','2017-02-03','2017-12-19',16.34,18,16),(811,'Tea','2017-01-25','2018-09-07',12.87,51,16),(812,'Green Bristlegrass','2017-09-14','2018-11-23',10.56,42,5),(813,'Cusick\'s Buckwheat','2017-05-31','2018-10-04',11.5,72,21),(814,'Rim Lichen','2017-03-27','2018-06-05',3,62,3),(815,'Pinkava\'s Pricklypear','2017-04-29','2018-09-22',2.8,83,12),(816,'Tatarian Cephalaria','2017-07-21','2018-09-05',5.34,73,4),(817,'Orange Stonecrop','2017-03-05','2018-06-28',2.89,11,6),(818,'Suriana','2017-01-30','2018-05-08',12.11,45,2),(819,'Southern Meadow-rue','2017-09-04','2018-08-22',7.19,7,9),(820,'Blow Wives','2017-02-14','2018-09-27',4.72,93,8),(821,'Baillonella','2017-04-29','2018-01-23',1.15,21,21),(822,'Wild Bushbean','2017-04-09','2018-05-05',7.66,50,6),(823,'Club Lichen','2017-01-15','2018-11-12',18.61,59,15),(824,'Basin Wildrye','2017-04-04','2018-10-05',15.12,81,4),(825,'Michelia','2017-10-03','2018-10-13',12.78,38,11),(826,'Mastic Tree','2016-12-13','2018-11-17',10.74,42,4),(827,'Orange Lichen','2017-09-21','2017-12-24',8.41,71,20),(828,'Nipplewort','2017-08-22','2018-07-12',18.36,51,15),(829,'Eastern Hemlock','2017-10-12','2018-05-29',11.96,22,13),(830,'Cracked Lichen','2017-04-02','2018-04-18',5.58,36,12),(831,'Abrothallus Lichen','2017-02-14','2018-04-21',17.49,24,19),(832,'Big-sage','2016-12-15','2018-08-26',17.71,85,11),(833,'Slenderfruit Nutrush','2016-12-09','2018-07-10',5.81,20,20),(834,'Slender Hawkweed','2017-03-22','2018-01-11',17.22,51,21),(835,'Early Onion','2017-09-19','2018-06-29',8.43,48,12),(836,'Slimleaf Drymary','2017-07-25','2018-10-08',15.87,31,12),(837,'Rascagarganta','2017-04-21','2018-06-23',3.1,47,16),(838,'Silky Raillardella','2017-10-14','2018-06-11',3.3,25,3),(839,'Texas Thistle','2017-03-21','2017-12-10',12.65,79,20),(840,'Olney\'s Hairy Sedge','2016-12-11','2018-10-25',18.07,46,21),(841,'Southwestern False Cloak Fern','2016-12-12','2018-10-29',12.94,29,11),(842,'Florida Tickseed','2017-03-18','2018-10-09',16.26,61,4),(843,'Hanapepe River Colicwood','2017-05-29','2018-07-11',13.11,8,17),(844,'Maui Beggarticks','2017-07-27','2018-07-12',8.88,27,20),(845,'Alaskan Mountain-avens','2017-02-17','2018-10-26',9.97,46,1),(846,'Little Elephantshead','2017-01-02','2018-02-20',1.81,65,4),(847,'Maravillas Milkwort','2017-08-17','2018-08-11',13,79,9),(848,'Fourleaf Vetch','2017-10-26','2018-04-03',17.66,5,2),(849,'Prairie Ironweed','2017-03-27','2017-12-06',4.33,71,7),(850,'Flavoparmelia Lichen','2017-02-01','2018-10-24',6.11,11,11),(851,'Duchesne River Twinpod','2017-03-13','2018-08-12',5.03,89,8),(852,'Rough Waterclover','2016-12-02','2018-06-28',8.36,48,4),(853,'Eremocitrus','2017-10-19','2018-02-28',19.2,42,3),(854,'Scytheleaf Onion','2017-08-27','2017-12-17',3.07,29,19),(855,'Russian Bugseed','2017-09-03','2018-01-22',3.98,15,10),(856,'Strapfern','2017-02-17','2018-11-09',2.22,6,11),(857,'Beckwith\'s Clover','2017-10-12','2018-11-02',11.26,60,14),(858,'Peacock Orchid','2016-12-26','2018-06-23',14.37,50,6),(859,'Dotted Onion','2017-07-02','2018-01-21',8.72,89,12),(860,'Tellicherry Bark','2017-02-16','2018-06-05',4.97,61,1),(861,'Alpine Golden Buckwheat','2017-07-25','2018-10-07',3.74,20,10),(862,'Ozark Hawthorn','2017-02-01','2018-04-13',5.4,57,22),(863,'Tephromela Lichen','2017-06-06','2017-12-07',5.07,95,17),(864,'Coral Vine','2017-07-27','2018-04-25',6.65,54,1),(865,'Brachythecium Moss','2017-11-27','2018-06-24',7.17,33,10),(866,'Florida Wild Indigo','2017-01-21','2018-09-13',7.51,99,21),(867,'Rio Abajo Spleenwort','2017-11-21','2018-11-24',12.79,42,12),(868,'Water Whorlgrass','2017-10-05','2018-01-06',15.75,24,11),(869,'Piedmont Staggerbush','2017-04-15','2018-06-25',7.29,17,12),(870,'Simple Campion','2017-03-09','2018-04-20',17.45,34,18),(871,'Tennessee Milkvetch','2017-02-24','2017-12-19',4.46,71,2),(872,'Smooth Threadleaf Ragwort','2017-05-14','2018-08-03',13.56,42,21),(873,'Yukon Stitchwort','2017-04-13','2017-12-08',18.37,52,19),(874,'Western Wart Lichen','2017-03-27','2018-11-07',12.83,67,16),(875,'Mound Saltbush','2017-06-02','2018-07-20',5.04,43,9),(876,'Woolly Senna','2017-11-28','2018-11-02',3.6,5,8),(877,'Railroadfence','2017-10-09','2018-07-09',6.64,83,18),(878,'Roughfruit Corn Bedstraw','2017-09-13','2018-03-30',16.31,50,10),(879,'Maui Fern','2017-05-09','2018-02-05',15.1,85,3),(880,'Kaempferia','2017-06-09','2018-11-05',17.63,93,21),(881,'San Luis Mariposa Lily','2017-05-02','2018-06-19',10.22,29,7),(882,'Northern Hawthorn','2017-09-13','2018-07-21',18.82,60,16),(883,'Blue Daisy','2017-07-16','2017-12-04',10.92,47,7),(884,'Pacific Manzanita','2017-08-22','2018-09-07',1.84,36,10),(885,'Calcium-hating Sedge','2017-03-24','2018-03-10',19.73,55,9),(886,'Bigelow\'s Beggarticks','2017-03-28','2018-05-22',1.02,95,6),(887,'Ferula','2017-09-17','2018-02-15',17.28,96,1),(888,'Metz\'s Wild Petunia','2016-12-17','2018-09-29',13.27,97,8),(889,'Bryum Moss','2017-07-13','2018-06-10',18.6,98,21),(890,'Bristly Nootka Rose','2017-09-03','2018-03-18',6.28,38,7),(891,'Streptanthella','2017-10-14','2018-05-13',15.64,56,16),(892,'Rose Clover','2017-07-04','2018-05-06',11.32,94,4),(893,'Aleutian Brome','2017-02-20','2018-02-18',2.15,30,4),(894,'Valley Popcornflower','2017-11-01','2018-02-22',1.01,48,5),(895,'Hybrid Plum','2017-09-11','2018-07-29',10.62,44,16),(896,'Thicket Anoda','2017-01-21','2018-09-05',18.38,61,6),(897,'Shrubby Primrose-willow','2017-04-22','2017-12-03',4.91,81,20),(898,'Griffith\'s Cliostomum Lichen','2016-12-26','2018-05-07',8.84,32,20),(899,'Manchurian Yellow Loosestrife','2017-09-28','2018-11-04',13.25,5,7),(900,'Texan Horsenettle','2017-11-23','2018-06-23',12.97,39,5),(901,'Annual Hedgenettle','2017-03-05','2018-10-19',4.26,62,22),(902,'Veronicaleaf Brickellbush','2017-07-21','2018-08-04',18.87,22,3),(903,'Texas Sleepydaisy','2017-07-01','2018-08-28',6.95,56,17),(904,'Hybrid Crack Willow','2017-05-04','2018-11-22',17.06,87,21),(905,'Tuckahoe Dewberry','2017-06-25','2017-12-05',11.83,46,15),(906,'Alaska Blue-eyed Grass','2017-09-08','2018-09-22',6.09,77,12),(907,'Staranise Tree','2017-02-22','2018-01-27',2.34,72,16),(908,'Small Onion','2016-12-28','2018-01-25',12.36,11,13),(909,'Cape Ricegrass','2017-04-30','2018-02-16',10.86,42,21),(910,'Miriquidica Lichen','2017-01-07','2018-03-08',3.1,31,6),(911,'King Bladderpod','2017-01-09','2018-09-17',11.76,62,5),(912,'Hall\'s Fissidens Moss','2017-03-23','2018-04-25',19.14,35,22),(913,'Tawnyberry Holly','2017-04-10','2018-03-28',8.16,47,8),(914,'Gardner\'s Ptychomitrium Moss','2017-11-23','2018-10-25',3.45,55,17),(915,'Eggyolk Lichen','2016-11-29','2018-03-22',7.29,66,9),(916,'Cosmosflower Beggarticks','2017-08-21','2018-01-23',19.8,94,21),(917,'Rue Anemone','2017-09-20','2018-03-15',8.5,61,11),(918,'Bearded Sprangletop','2017-05-05','2017-12-04',15.35,46,21),(919,'Koloa Clermontia','2017-03-24','2018-11-08',18.55,10,10),(920,'Common Comfrey','2017-04-12','2018-01-26',9.2,30,4),(921,'Gray\'s Beaksedge','2017-04-24','2018-03-11',12.35,39,10),(922,'Texas Feathershank','2017-05-15','2018-04-05',15.46,66,21),(923,'Frosted Lichen','2017-06-07','2018-10-20',15.26,6,8),(924,'Brouard\'s Rim Lichen','2017-09-03','2018-01-15',10.12,22,21),(925,'Rabbit-tobacco','2017-04-20','2018-01-14',4.85,21,8),(926,'Blue-tulip','2017-11-25','2018-06-29',18.15,4,15),(927,'Smooth Crabgrass','2017-01-15','2017-12-20',13.76,54,5),(928,'Hillside Milkvetch','2017-01-10','2018-03-08',12.69,71,18),(929,'Parasol Bladderpod','2017-02-25','2018-07-18',11.66,47,21),(930,'Xanthoparmelia Lichen','2017-02-22','2018-11-18',1.38,93,11),(931,'Sharplobe Hepatica','2016-12-18','2018-09-21',11.02,95,20),(932,'Acacia','2017-02-11','2018-10-22',4.74,63,20),(933,'Sandmat','2017-01-08','2018-11-06',18.29,18,9),(934,'Arctoparmelia Lichen','2017-07-24','2018-08-22',5.77,95,19),(935,'Hoffmann\'s Rockcress','2017-11-03','2018-04-08',12.92,1,17),(936,'Kern Canyon False Goldenaster','2016-12-13','2018-05-04',17.3,90,19),(937,'Western Wheatgrass','2017-11-01','2018-04-14',8.56,56,5),(938,'Sierra Blanca Least-daisy','2017-01-09','2018-11-23',17.2,57,7),(939,'Triangle Orache','2017-03-28','2018-05-17',15.56,38,8),(940,'Kingston Mountain Mousetail','2017-03-18','2018-10-30',6.01,67,7),(941,'Sandmat','2017-06-22','2018-10-09',3.75,43,21),(942,'Blodgett\'s Sage','2017-06-27','2017-12-25',12.03,53,20),(943,'White Mountain False Pennyroyal','2017-01-25','2018-03-31',5.83,86,18),(944,'Old Wood Rimmed Lichen','2017-10-04','2018-09-22',1.2,62,10),(945,'Tennessee Starwort','2017-09-11','2018-08-31',1.97,26,3),(946,'Tatarian Maple','2017-11-11','2018-07-26',7.51,60,7),(947,'Seashore Bluegrass','2017-02-25','2018-04-08',17.5,21,5),(948,'Sunflower','2017-04-16','2018-01-15',1.37,7,7),(949,'Lanceleaf Tickseed','2017-03-02','2017-12-03',11.21,18,6),(950,'Giant Hogweed','2016-12-25','2018-04-15',16.22,41,15),(951,'Fremont\'s Combleaf','2017-08-20','2018-03-04',15.51,25,14),(952,'Hairy Laurel','2017-10-26','2018-02-19',17.7,5,5),(953,'Bruised Lichen','2017-11-24','2018-09-07',4.1,1,6),(954,'Mogollon Geranium','2017-07-19','2018-06-23',14.13,38,2),(955,'Miquel\'s Mazus','2017-10-14','2018-08-10',8.95,58,15),(956,'Royal Evening Primrose','2017-05-10','2018-02-07',2.83,7,10),(957,'Psilopilum Moss','2017-07-16','2018-07-30',6.83,55,3),(958,'Sapphire Woollystar','2017-10-23','2018-06-21',7.93,94,7),(959,'Water Foxtail','2017-06-02','2018-10-18',17.53,54,1),(960,'Rosy Pussytoes','2017-07-27','2017-12-16',11.37,76,5),(961,'Tangor','2016-12-04','2018-03-14',12.57,80,10),(962,'Shrubby Fuchsia','2017-07-06','2018-01-04',19.6,49,3),(963,'Cape Ricegrass','2017-05-05','2018-05-07',1.1,87,17),(964,'Chalice Lichen','2017-02-20','2018-11-16',15.94,3,2),(965,'Bolander\'s Woodland-star','2017-09-30','2018-04-07',16.18,92,20),(966,'Small-leaf Bentgrass','2017-08-03','2018-10-11',17.12,78,1),(967,'Velvet Lichen','2017-03-17','2018-01-16',9.09,56,11),(968,'Salt Heliotrope','2017-03-05','2018-04-09',10.73,77,11),(969,'Silverback Fern','2016-12-13','2018-06-21',6.54,62,17),(970,'False Indian Plantain','2016-12-16','2018-10-27',1.67,92,20),(971,'Angelon','2017-02-17','2018-08-10',14.92,26,2),(972,'Little Wiry Suncup','2017-07-20','2018-05-31',10.64,52,5),(973,'Pale Ditrichum Moss','2016-12-18','2018-06-12',2.59,2,8),(974,'Shrubland Dubautia','2017-07-02','2018-06-17',7.69,83,3),(975,'Arctic Starflower','2017-05-18','2018-09-15',11.92,9,10),(976,'Vegetable Hummingbird','2017-06-01','2018-11-13',16.32,53,2),(977,'Ilama','2017-07-17','2018-02-28',16.22,25,21),(978,'Round Copperleaf','2017-03-17','2018-06-10',14.76,71,1),(979,'Star Gilia','2017-03-16','2018-02-20',3.79,5,16),(980,'Stream Currant','2017-06-14','2018-08-12',11.96,8,3),(981,'Aaron\'s Beard','2017-08-16','2018-11-26',2.62,37,1),(982,'Carolina Geranium','2017-04-11','2018-04-03',8.39,50,6),(983,'Kneeling Angelica','2017-02-09','2018-05-04',16.5,41,12),(984,'Rice Button Aster','2017-11-17','2018-04-11',7.96,37,19),(985,'Redstem Stork\'s Bill','2017-11-07','2018-01-30',15.1,77,13),(986,'Hypnum Moss','2017-05-05','2018-08-22',3.2,9,1),(987,'Wholeleaf Indian Paintbrush','2017-11-09','2018-06-27',3.58,66,3),(988,'Strigose Bird\'s-foot Trefoil','2017-11-04','2018-05-02',13.65,87,21),(989,'California Blackberry','2017-08-01','2018-06-29',12.93,98,21),(990,'Heterocyphelium Lichen','2017-01-23','2018-08-02',3.91,16,6),(991,'Willowy Monardella','2016-12-11','2017-12-07',17.18,48,15),(992,'Alaskan Giant Shield Lichen','2017-11-05','2018-05-17',3.39,59,1),(993,'Pacific Silver Fir','2017-02-05','2017-12-27',14.15,48,2),(994,'Tharp\'s Dropseed','2017-07-26','2018-07-05',17.24,30,15),(995,'Thompson\'s Dalea','2017-05-28','2018-04-06',11.36,38,3),(996,'Purpleflowering Raspberry','2017-10-06','2018-11-04',18.25,99,17),(997,'Horehound','2017-11-01','2017-12-18',5.97,91,18),(998,'Hinahina','2017-10-03','2018-04-09',4.54,16,1),(999,'Roundleaf Snowberry','2017-04-16','2018-05-25',19.39,61,19),(1000,'Greeneyes','2017-03-24','2017-12-07',4.21,10,3),(1001,'Cape Bugle-lily','2017-06-29','2018-09-03',19.04,99,15),(1002,'Cup Lichen','2017-02-06','2018-05-02',2.61,81,15),(1003,'Hi','2017-08-16','2017-10-16',1.85,9,5),(1004,'Hi','2017-08-16','2017-10-16',1.85,9,5),(1005,'Hello','2017-08-16','2017-10-16',1.85,9,5),(1006,'Please','2017-08-16','2017-10-16',1.85,9,5),(1007,'KKKKK','1111-11-11','1111-11-12',3.8,12,21),(1008,'KKKKK','1111-11-11','1111-11-12',3.8,12,21),(1009,'KKKKK','1111-11-11','1111-11-12',3.8,12,21),(1010,'KKKKK','1111-11-11','1111-11-12',3.8,12,21),(1011,'KKKKK','1111-11-11','1111-11-12',3.8,12,21),(1012,'KKKKK','1111-11-11','1111-11-12',3.8,12,21),(1013,'a','1111-11-11','1111-12-11',8.4,1,1),(1014,'a','1111-11-11','1111-12-11',8.4,1,1),(1015,'a','2017-09-12','2018-09-12',6.3,1,1),(1016,'a','2017-09-12','2018-09-12',6.3,1,1),(1017,'a','2017-09-12','2018-09-12',6.3,1,1),(1018,'aaaaaa','2017-09-12','2018-09-12',6.3,1,1),(1019,'aaaaaa','2017-09-12','2018-09-12',8.4,1,1),(1020,'olive','2017-09-12','2018-09-12',8.4,1,11),(1021,'aa','2017-09-12','2018-09-12',8.4,9,11),(1023,'gfgfgf','2017-09-12','2018-09-12',8.4,9,9),(1024,'jkjlkj','2017-09-12','2018-09-12',8.4,11,11),(1025,'aaaaaa','2017-09-12','2018-09-12',8.4,11,11),(1026,'aaaaaa','2017-09-12','2018-09-12',8.4,11,11),(1027,'aaaaaa','2017-09-12','2018-09-12',8.4,12,11),(1028,'K','2017-09-12','2018-09-12',8.4,12,11),(1029,'aaaaaa','2017-09-12','2018-09-12',20,20,20),(1030,'aaaaaa','2017-09-12','2018-09-12',20,20,20),(1031,'aaaaaa','2017-09-12','2018-09-12',50,20,20),(1032,'djlkjjj','2017-09-12','2018-09-12',8.4,21,21),(1033,'dskhf','2017-09-12','2018-09-12',8.4,20,20),(1034,'aaaaaa','2017-09-12','2018-09-12',8.4,20,11),(1035,'dfg','2017-08-16','2017-10-16',12,20,20),(1036,'Pickle','2017-09-12','2018-09-12',10,20,20),(1037,'djkjks','2017-08-16','2017-10-16',12,9,5);
/*!40000 ALTER TABLE `ingredients` ENABLE KEYS */;
UNLOCK TABLES;

--
-- Temporary view structure for view `ingredientview`
--

DROP TABLE IF EXISTS `ingredientview`;
/*!50001 DROP VIEW IF EXISTS `ingredientview`*/;
SET @saved_cs_client     = @@character_set_client;
SET character_set_client = utf8;
/*!50001 CREATE VIEW `ingredientview` AS SELECT 
 1 AS `ingredientNo`,
 1 AS `ingredientName`,
 1 AS `dateOfPurchase`,
 1 AS `dateOfExpiry`,
 1 AS `cost`,
 1 AS `quantity`,
 1 AS `value`*/;
SET character_set_client = @saved_cs_client;

--
-- Table structure for table `inventory`
--

DROP TABLE IF EXISTS `inventory`;
/*!40101 SET @saved_cs_client     = @@character_set_client */;
/*!40101 SET character_set_client = utf8 */;
CREATE TABLE `inventory` (
  `inventoryNo` int(11) NOT NULL,
  `inventoryName` varchar(30) DEFAULT NULL,
  `quantity` int(11) DEFAULT NULL,
  `cost` double DEFAULT NULL,
  `invSupplier` int(11) NOT NULL,
  PRIMARY KEY (`inventoryNo`),
  KEY `invSupplier_idx` (`invSupplier`),
  CONSTRAINT `invSupplier` FOREIGN KEY (`invSupplier`) REFERENCES `supplier` (`supplierNo`) ON DELETE NO ACTION ON UPDATE NO ACTION
) ENGINE=InnoDB DEFAULT CHARSET=utf8;
/*!40101 SET character_set_client = @saved_cs_client */;

--
-- Dumping data for table `inventory`
--

LOCK TABLES `inventory` WRITE;
/*!40000 ALTER TABLE `inventory` DISABLE KEYS */;
INSERT INTO `inventory` VALUES (1,'Qweqwgzmdyauvz',95,211.08,7),(2,'Fpxvtmixabnovt',21,179.38,10),(3,'Niztvwlrprtbcu',96,319.04,3),(4,'Zxykwwmwcdgvbi',3,493.39,13),(5,'Mmjhvmyhlevpkn',91,109.95,4),(6,'Dkgziljrlhdzlg',53,284.64,5),(7,'Sbxctnnppidida',68,166.61,18),(8,'Tlsoddyqbprieq',11,46.72,2),(9,'Qobyotrlkkefdc',18,229.35,9),(10,'Rbsvstznxetvcp',65,418.64,8),(11,'Kpqtwkyoooxpgg',83,106.99,2),(12,'Emxrvddcgazjcq',2,380.67,20),(13,'Tfzyaovsorbkmi',13,343.81,2),(14,'Hrymfxihmotxtv',75,252.97,1),(15,'Tvjymezjyjtccf',2,367.73,15),(16,'Hxwwkvpcqcxysz',48,109.79,6),(17,'Kimsjgoyoqqwku',56,104.21,15),(18,'Hvkfhrcqldawvz',14,195.95,19),(19,'Bwbdwpwhonpujf',13,157.82,5),(20,'Ufapenwdrwmigh',74,297.81,13),(21,'Lmpuuwbglpgeyf',41,416.12,7),(22,'Fcrhptzcfjdtmd',44,316.07,2),(23,'Bwsfubasxmaqcy',2,80.67,1),(24,'Ewmtpilnhfwqkk',3,469.47,19),(25,'Lrhycumrudfpth',79,419.16,7),(26,'Kwxqoesiqtwbnx',3,36.26,14),(27,'Xqvacqoztxxgwq',23,316.02,10),(28,'Kdrwsisgypfnrx',95,332.47,19),(29,'Ywnvnvsqzsrrqc',91,326.49,12),(30,'Uhxheudstgnswg',5,107.26,5),(31,'Rzdxptxlaxshxc',50,265.94,6),(32,'Xofleizkpwmwlq',45,154.89,17),(33,'Bkoimgzatxwmur',91,438.6,4),(34,'Kmbikaqjgwgflr',22,28.11,19),(35,'Ghrnlrcgydbajv',89,179.29,12),(36,'Vaeofmxpmijxto',10,204.68,11),(37,'Kfjnjihalplzwv',60,390.39,15),(38,'Ruswsvmfotifqe',95,130.15,4),(39,'Fupdcdygnbzszz',46,297.88,12),(40,'Admyylhbccphff',62,180.8,17),(41,'Soogemugpqosfp',2,312.1,21),(42,'Vixazdpbudquna',79,353.62,8),(43,'Kjcvhyyqyckcjq',21,325.19,13),(44,'Vnagamiojjbiza',1,376.66,2),(45,'Ckoocratvzbpao',22,468.17,2),(46,'Iqpbovazwcieqe',52,143.93,17),(47,'Pbdqqfiypofiin',50,352.61,5),(48,'Yguytnvsrrrmis',87,131.35,7),(49,'Xuxcuwrrymkwkg',97,174.37,8),(50,'Nsbyiftbwkwpis',100,150.24,14),(51,'Ssrxbjffnxzgzs',85,386.86,11),(52,'Yjldhbugbzfvnk',37,319.28,5),(53,'Dicxddvchfpmok',43,63.99,7),(54,'Qubfujycffnxvc',23,187.74,16),(55,'Bbamgzewkcdyax',62,145.39,10),(56,'Nusfykcafewoyf',96,121.79,9),(57,'Vgwrbaqrwghhhk',49,159.67,12),(58,'Aditrtgkirbhcc',54,108.02,17),(59,'Auoqoxpsktmjoj',22,429.33,9),(60,'Dyaflxtplzftjv',93,340.82,20),(61,'Idgbehpcjicyjf',73,92.38,21),(62,'Ppoqrliapchgtw',3,479.11,22),(63,'Gvbzffkoivvnni',82,318.39,17),(64,'Aozedvgvghotcm',44,260.24,1),(65,'Gnlrpyzkbkbrbt',69,284.77,14),(66,'Fwihmkouwrurng',53,41.54,3),(67,'Ywwqciwpodupyr',51,494.16,4),(68,'Qupqnnbpvlttqr',64,429.36,5),(69,'Oxrkmkvuclxlbc',41,88.78,5),(70,'Timkkgxhbhohfp',90,494.45,21),(71,'Nwigqoisrwxjct',86,438.18,19),(72,'Rssqvknnlnzbux',84,420.61,15),(73,'Respfmpmzfokxi',52,265.65,6),(74,'Kghqonkvtrpton',83,173.48,17),(75,'Apqeibxhfskagq',32,427.25,5),(76,'Vbevnkpyafubip',73,356.4,20),(77,'Jhniqpobvqrljp',16,101.08,12),(78,'Ecwnxjgjcvgpyp',77,356.62,9),(79,'Exmiftvmzdxvct',28,255.77,3),(80,'Wvpzntlykqbjnq',50,214.43,5),(81,'Wfgnsccieesvdm',98,323.59,14),(82,'Leszvqbdtkeypu',57,410.02,14),(83,'Shpqsyvgzvvfih',14,309.08,22),(84,'Onnxczscbrlcjp',13,288.65,11),(85,'Ngdhntmcfqskrv',95,378.52,7),(86,'Pgtogpqkxiymye',93,209.43,12),(87,'Yetsmyyjcwsgst',95,444.26,10),(88,'Pdkpmrumdjngxi',58,163.84,4),(89,'Ymhvqlwjlouhqp',58,461.84,7),(90,'Jopnbhhszmjwon',17,363.25,14),(91,'Hjqjuxrjhjlpuv',82,189.16,17),(92,'Utbqjagmlakdyh',62,425.25,3),(93,'Wjuvbealvdstnp',7,144.25,9),(94,'Floqqhqpgmejls',93,376.49,15),(95,'Fzfuvpnbkyuuhv',27,499,12),(96,'Lvhpdnnzyjlydn',79,191.27,2),(97,'Peoinnnbpwozbd',13,172.61,7),(98,'Lzjkhmdjjcljwa',9,231.26,3),(99,'Ubaltxlphadeui',61,418.06,17),(100,'Aqjnviaktvhmgl',14,274.04,4),(101,'Obswbghxwlovjf',15,82.49,8),(102,'Mztgkeqvakeemu',40,63.45,13),(103,'Mednujxmwjbszl',52,305.9,10),(104,'Mhsiuxlcdfycnh',34,217.9,10),(105,'Hpzkipbrinrqhu',71,21.9,9),(106,'Eqeiymdgeglkyw',98,105.33,10),(107,'Navlcbljlpqtcq',51,119.18,4),(108,'Wptxwfqfkwrntx',68,112.27,5),(109,'Tbsqcnakpbwqhz',99,416.68,6),(110,'Jhdsqdmaonoblc',37,206.6,15),(111,'Yntlftmdjhilus',35,289.25,22),(112,'Dnjetummfsltai',1,131.5,8),(113,'Iypzovxhvxchhy',88,363.29,5),(114,'Gcimoyiigujypb',51,418.16,6),(115,'Nbvmcqsmcvnmjz',69,394.79,7),(116,'Qrdgxanbikedtq',62,62.82,11),(117,'Rmygflwlismaov',38,109.28,20),(118,'Eiohrnroqttkvl',7,433.62,13),(119,'Hjzhvfzlkmtdwm',17,51.11,14),(120,'Stpmtwvntwixii',57,16.14,17),(121,'Aanqvxldcbzqkg',37,479.07,5),(122,'Wvrfrungxaedoc',7,293.83,4),(123,'Khcdbgrmyhhydz',28,189.93,22),(124,'Manyaythanenee',93,87.18,4),(125,'Mjglmetufstels',67,325.72,2),(126,'Spdwwsrkemrwpp',92,105.19,7),(127,'Swvhjrpmqapuye',86,410.42,9),(128,'Bpzjmmeadkjpsg',63,188.58,19),(129,'Kdkjfgvdbredbx',28,496.53,11),(130,'Rzduscepagjmoy',34,220.58,13),(131,'Yoacqehfzxpspr',36,141.3,19),(132,'Wvuuktjrdwovbq',93,236.96,18),(133,'Huvazwmqwjokod',51,347.34,13),(134,'Cziqwrohmgojpx',28,494.24,15),(135,'Cbprdzvjxxrawj',63,183.57,20),(136,'Mcbsxvyvnoezoj',48,41.89,15),(137,'Kvuokhrzupbljk',87,58.2,9),(138,'Wvfxxhnffyryqf',75,477.91,5),(139,'Krrnldahcwaedq',89,150.7,8),(140,'Kbrmesohqworhv',83,256.21,19),(141,'Gtsbhtnjddsyea',13,479.36,1),(142,'Bqcsajnmjjtsre',17,499.21,6),(143,'Hpvfahrnhrapzq',88,370.62,19),(144,'Tecwoyvnzbapjr',79,293.68,12),(145,'Keoizojewbvqdk',12,218.89,2),(146,'Ufpbfnpshyogfw',2,424.92,7),(147,'Sjuxbdiuxhpmls',69,487.96,11),(148,'Tadljaacsbzbxf',77,264.87,4),(149,'Mnvgsswodrypsc',83,129.96,22),(150,'Aamidypvpumzcp',79,227.49,2);
/*!40000 ALTER TABLE `inventory` ENABLE KEYS */;
UNLOCK TABLES;

--
-- Temporary view structure for view `inventoryview`
--

DROP TABLE IF EXISTS `inventoryview`;
/*!50001 DROP VIEW IF EXISTS `inventoryview`*/;
SET @saved_cs_client     = @@character_set_client;
SET character_set_client = utf8;
/*!50001 CREATE VIEW `inventoryview` AS SELECT 
 1 AS `inventoryNo`,
 1 AS `inventoryName`,
 1 AS `cost`,
 1 AS `quantity`,
 1 AS `value`*/;
SET character_set_client = @saved_cs_client;

--
-- Table structure for table `menuitem`
--

DROP TABLE IF EXISTS `menuitem`;
/*!40101 SET @saved_cs_client     = @@character_set_client */;
/*!40101 SET character_set_client = utf8 */;
CREATE TABLE `menuitem` (
  `menuNo` int(11) NOT NULL,
  `menuName` varchar(30) DEFAULT NULL,
  `cost` double DEFAULT NULL,
  `price` double DEFAULT NULL,
  PRIMARY KEY (`menuNo`)
) ENGINE=InnoDB DEFAULT CHARSET=utf8;
/*!40101 SET character_set_client = @saved_cs_client */;

--
-- Dumping data for table `menuitem`
--

LOCK TABLES `menuitem` WRITE;
/*!40000 ALTER TABLE `menuitem` DISABLE KEYS */;
INSERT INTO `menuitem` VALUES (1,'sidj',5,15),(2,'sdj',6,18),(3,'oasdj',23,69),(4,'ref',123,369),(6,'Strawberry_Pie',1.5,4.5),(7,'Pizza',NULL,NULL),(8,'Qfctrsuhplngkv',2.28,6.84),(9,'Oygtlxroczotzf',6.58,19.740000000000002),(10,'Nwljqyndqnajhi',9,27),(11,'Gqbxyrdjvtdcus',5.12,15.36),(12,'Mxpfojjagvxnkr',9.21,27.630000000000003),(13,'Lxkeaqiumtivrs',5.94,17.82),(14,'Vslfpdovowslrd',7.01,21.03),(15,'Bajkqpggrxekkv',5.41,16.23),(16,'Kqmibwyykydmsb',9.7,29.099999999999998),(17,'Fppptgwuunijdc',1.03,3.09),(18,'Chmwlbqrcdvhrq',5.35,16.049999999999997),(19,'Wiuwaqsxoyqoes',4.75,14.25),(20,'Ithzpgoozxgcbe',9.37,28.11),(21,'Osgwauclffdgsa',4.56,13.68),(22,'Ftzsbumowkmjai',8.81,26.43),(23,'Ygbfrcivlhfpdp',6.88,20.64),(24,'Yyakutddanibqr',6.61,19.830000000000002),(25,'Cpqypnhnletkji',4.19,12.57),(26,'Kwqlcvtlqcbvdz',5.9,17.700000000000003),(27,'Kokejxdnoyvddj',3.56,10.68),(28,'Yfhavuzgjancpx',7.14,21.419999999999998),(29,'Rmyvmgqxsjmtkd',1.41,4.2299999999999995),(30,'Igmglurhvidotx',4.31,12.93),(31,'Piknxiqugsdrys',2.86,8.58),(32,'Xwpcgylrvjhybc',7.64,22.919999999999998),(33,'Onexoczmflyciw',9.42,28.259999999999998),(34,'Cdvfaqdrnctgca',3.77,11.31),(35,'Evbmrkuxlqmwks',8.56,25.68),(36,'Xnsyaepkbeawai',1.8,5.4),(37,'Bpsqoldaylsrla',5.51,16.53),(38,'Ysbibedzkkhvdo',3.53,10.59),(39,'Githemxnoiupzp',5.36,16.080000000000002),(40,'Xheeggitzguruy',8.27,24.81),(41,'Ssyxufgkbfvarn',7,21),(42,'Oolfbqkgbciaix',1.83,5.49),(43,'Iqabaunvmpzvjh',3.58,10.74),(44,'Ssbroghdbutxrx',1.7,5.1),(45,'Yohxvbnvmzjxum',6.39,19.169999999999998),(46,'Idfbcaamoveyit',3.17,9.51),(47,'Ofysijflcugyhs',3.07,9.209999999999999),(48,'Pilxpvjdzjstiz',8.14,24.42),(49,'Darphyzhizytrh',3.18,9.540000000000001),(50,'Zcuhhhmvaakhqo',6.01,18.03),(51,'Nhgbwbtnvupcqs',1.23,3.69),(52,'Ksyjlcltilribn',5.62,16.86),(53,'Hfkhlpztrownxu',1.31,3.93),(54,'Jflobxmxupylew',2.5,7.5),(55,'Umdjduvsyyqfdm',2.99,8.97),(56,'Ehyvuvlghyqidj',2.11,6.33),(57,'Alropiwuymabxq',9.6,28.799999999999997),(58,'Hxrulpgkdsvsej',4.53,13.59),(59,'Etzkdkfpvzycks',5.33,15.99),(60,'Ooqmaknveftlhs',7.57,22.71),(61,'Hfmfmcmflbjbwz',5.76,17.28),(62,'Aihlfjqmzzscdt',3.75,11.25),(63,'Cuknkxgoiuvwgh',2.08,6.24),(64,'Szdtcwhpnskxyr',7.33,21.990000000000002),(65,'Xxccocnhfmoljn',1.33,3.99),(66,'Eknawtpnflmjam',6.13,18.39),(67,'Ftegoauipmezzx',1.85,5.550000000000001),(68,'Qlljguuygvjhmz',2.99,8.97),(69,'Ajqcrzvsqjefki',3.8,11.399999999999999),(70,'Xvafeduxzcarhm',9.52,28.56),(71,'Igqlttoakfhabs',5.39,16.169999999999998),(72,'Iasnzmhqqiqsza',2.62,7.86),(73,'Gbtjgamtzyiitm',9.73,29.19),(74,'Gyfsorkplgwfyn',1.41,4.2299999999999995),(75,'Gkibxtkrygvbyc',5.58,16.740000000000002),(76,'Xzwxyihtaotofh',3.83,11.49),(77,'Qrztznkejbzoex',4.1,12.299999999999999),(78,'Fttodsmfbnmnkk',1.66,4.9799999999999995),(79,'Zlclcshpjfmbke',2.84,8.52),(80,'Pzwoapcicijuvj',6.33,18.990000000000002),(81,'Rdvuwqvabhlanj',5.44,16.32),(82,'Ixnpievsthwqwd',4.19,12.57),(83,'Mncdfqhyevqxel',5.93,17.79),(84,'Hwfgvaszkunyhs',3.64,10.92),(85,'Ltlfwtzacasghz',5.68,17.04),(86,'Uxorkamczflcir',3.98,11.94),(87,'Dfkigtwxxjljkz',4.24,12.72),(88,'Bxblqgqwpmgttq',8.64,25.92),(89,'Nzoxyjurppkvhv',5.48,16.44),(90,'Fcrtvisxnmpysl',4.42,13.26),(91,'Wewgspfiqiyytl',3.52,10.56),(92,'Bxvxcfuezwzzei',4.18,12.54),(93,'Nzadncrdyynuvu',6.32,18.96),(94,'Ysafjgoinhjiwc',5.23,15.690000000000001),(95,'Tyzhkwvlbbabhp',4.47,13.41),(96,'Lpcpoglzxhorfy',1.25,3.75),(97,'Dqmfyuowcgpnba',1.1,3.3000000000000003),(98,'Ogofedjwlntrsk',7.05,21.15),(99,'Ejsvgsydprjjaz',1.43,4.29),(100,'Xrdaestcigvwpi',7.34,22.02),(101,'Dwcihvmjzojpbx',2.65,7.949999999999999),(102,'Anuocvbxqtxqox',1.55,4.65),(103,'Fiajvdsbwbcoal',8.2,24.599999999999998),(104,'Fbqwxfawjdruyv',4.95,14.850000000000001),(105,'Qrpriqdklhjnhq',2.66,7.98),(106,'Ecpmdbrlsztvlt',7.81,23.43),(107,'Vluoortkzgxwam',8.55,25.650000000000002),(108,'Tpbipujsnnrcqc',5.26,15.78),(109,'Dnucsopnosigqv',7.67,23.009999999999998),(110,'Gnuculorbdsvza',3.69,11.07),(111,'Lpfeswrjrkmjgk',4.78,14.34),(112,'Flsvatxwrkrrmr',4.38,13.14),(113,'Trgrvaqxjymyqd',3.53,10.59),(114,'Tsrdybqrszqdgv',2.89,8.67),(115,'Vrqezizduwgvkp',1.77,5.3100000000000005),(116,'Blsuthgacaayaq',7.44,22.32),(117,'Tgnmncywvurznr',2.13,6.39),(118,'Hihccqfyzpkvzj',2.3,6.8999999999999995),(119,'Wtecoamrlmseav',7.41,22.23),(120,'Dzrkjvvpkuqwpr',5.06,15.18),(121,'Dqhbwdtlyrkkzz',5.96,17.88),(122,'Qoobotvoivdtxd',4.46,13.379999999999999),(123,'Ocfswbcqsfhrsk',8.24,24.72),(124,'Mixbjyvklojdsp',7.29,21.87),(125,'Olhbytwltbpiav',3.63,10.89),(126,'Ajapbgzwceqbev',8.7,26.099999999999998),(127,'Dqhllddfziqwxi',4.16,12.48),(128,'Aoxywxxbsvzwei',1.39,4.17),(129,'Fwmvijkhnjtrvt',1.56,4.68),(130,'Nfqwyqyfdlgwlh',1.16,3.4799999999999995),(131,'Sgofftmozcbich',8.06,24.18),(132,'Qkztxvrjdmfxeg',6.5,19.5),(133,'Zafnfamosqlszs',9.01,27.03),(134,'Ktnbfuvckmxmwy',9.86,29.58),(135,'Qkeuvxuxmmrtau',8.39,25.17),(136,'Pijbldkdofboai',6.68,20.04),(137,'Fdolbfdzzjrwzw',1.06,3.18),(138,'Cfmwkmunhlnwxc',4.74,14.22),(139,'Msykneddjubcuw',9.51,28.53),(140,'Qkrnjayecuvtfq',9.38,28.14),(141,'Znqwwlfuvgqzsl',2.65,7.949999999999999),(142,'Ksvrkzczeqzpkc',4.02,12.059999999999999),(143,'Syjhgvoakhwmcm',7.97,23.91),(144,'Jyfrmnwcrzvqgc',5.71,17.13),(145,'Nbjedwyuvvrxxf',5.84,17.52),(146,'Dkdnogeqkmsxvq',2.76,8.28),(147,'Rukpwqtnkvbmna',7.99,23.97),(148,'Pviskjlaykuniy',3.36,10.08),(149,'Ehthkmztydsxlr',8.89,26.67),(150,'Chkrgzcjxnwkpc',8.59,25.77),(151,'Sasbjztqxhukoe',4.6,13.799999999999999),(152,'Ucmftyyxsdpkwx',6.71,20.13),(153,'Qrlvserrkducgu',2.24,6.720000000000001),(154,'Xiedhcaxvrpiwm',7.11,21.330000000000002),(155,'Qfalbaatqrxtwc',6.32,18.96),(156,'Usdbvlaekjtanj',1.52,4.5600000000000005),(157,'Ukwsmnbxwepzle',1.3,3.9000000000000004),(158,'Aznjlmzndnqpsb',9.01,27.03),(159,'Fmzxjtxxxejjey',6.23,18.69),(160,'Kjurjhotrqjbxh',4.67,14.01),(161,'Niblteiaenlxiy',6.98,20.94),(162,'Qilgjzrslpdlfr',3.96,11.879999999999999),(163,'Zdkxuwozixminu',9.83,29.490000000000002),(164,'Jrgcksywygvkxj',10,30),(165,'Ycebbpoocwftsl',3.63,10.89),(166,'Dvostcacioygit',7.24,21.72),(167,'Xmefrzybcihrpf',9.73,29.19),(168,'Ujgyevwltepfxx',7.09,21.27),(169,'Lrdjckdosgdvmo',7.33,21.990000000000002),(170,'Mxdzgejlvpvnrt',8.31,24.93),(171,'Neaeifyjojhwua',2.33,6.99),(172,'Teguphsugnzfqm',9.91,29.73),(173,'Edbmzdrecinnfm',9.51,28.53),(174,'Bgoygyhczfjqjw',9.94,29.82),(175,'Hrpwmuboomqaev',5.34,16.02),(176,'Ovsocahlyguwnh',6.41,19.23),(177,'Jmzihdndwmnqpg',7.33,21.990000000000002),(178,'Yoxbaadvxezesc',6.97,20.91),(179,'Faoprdfgxonona',9.68,29.04),(180,'Znvhivfjhmyafv',9.29,27.869999999999997),(181,'Wnyppgxklqulfj',9.3,27.900000000000002),(182,'Xztvbefypejkru',1.49,4.47),(183,'Zjlerxobpwtuwk',2.94,8.82),(184,'Izlogovarefapc',2.32,6.959999999999999),(185,'Yqxkewdrattsqc',9.67,29.009999999999998),(186,'Jjrfhdhawldcdl',6.74,20.22),(187,'Btcqlurkvuptdz',4.95,14.850000000000001),(188,'Fbnzgylonsyvkx',8.85,26.549999999999997),(189,'Swcnqelznqudqd',9.98,29.94),(190,'Mvxvdekfkjtyqa',7.2,21.6),(191,'Gwjlyjvmwgkmor',2.18,6.540000000000001),(192,'Fpfvddavgddrmp',6.24,18.72),(193,'Sfcpwokemrxhoj',1.83,5.49),(194,'Rwtupfkbziiyup',6.83,20.490000000000002),(195,'Yszvbpiqsdaqmd',7.76,23.28),(196,'Zzkilxsxzkyjpf',7.55,22.65),(197,'Iobzpgjhihccdu',4.64,13.919999999999998),(198,'Bkrlolbdsvdaml',6.86,20.580000000000002),(199,'Dapankzjohybof',4.97,14.91),(200,'Awkyuuzdxvpdgj',8.2,24.599999999999998),(201,'Mxthjizhizoscd',3.78,11.34),(202,'Qeofbfxzvbkzzp',7.33,21.990000000000002),(203,'Inwjkhfoduagof',6.9,20.700000000000003),(204,'Ljxedeoumvfqah',5.53,16.59),(205,'Fdnnsemzgqhwvz',3.13,9.39),(206,'Pdscejstglobin',1.35,4.050000000000001),(207,'Savoypzblcjlim',3.2,9.600000000000001),(208,'KKKKK',0,0),(209,'a',6.6,9.7),(210,'NumberOne',1,50),(211,'Lemon',1,10),(212,'Pizza',10,1),(213,'cxvvxc',5,5),(214,'dsfsfd',10,10),(215,'qqqqq',22,22),(216,'qqqqq',24,24),(217,'dfsdf',25,25),(218,'dfgdfg',50,50),(219,'sdjsdf',50,50),(220,'dsfsdf',50,60),(221,'W',30,40);
/*!40000 ALTER TABLE `menuitem` ENABLE KEYS */;
UNLOCK TABLES;

--
-- Temporary view structure for view `menuitemview`
--

DROP TABLE IF EXISTS `menuitemview`;
/*!50001 DROP VIEW IF EXISTS `menuitemview`*/;
SET @saved_cs_client     = @@character_set_client;
SET character_set_client = utf8;
/*!50001 CREATE VIEW `menuitemview` AS SELECT 
 1 AS `menuNo`,
 1 AS `menuName`,
 1 AS `cost`,
 1 AS `price`,
 1 AS `revenue`*/;
SET character_set_client = @saved_cs_client;

--
-- Table structure for table `menureference`
--

DROP TABLE IF EXISTS `menureference`;
/*!40101 SET @saved_cs_client     = @@character_set_client */;
/*!40101 SET character_set_client = utf8 */;
CREATE TABLE `menureference` (
  `menuNo` int(11) NOT NULL,
  `ingredientNo` int(11) NOT NULL,
  PRIMARY KEY (`menuNo`,`ingredientNo`),
  KEY `ingredientNo` (`ingredientNo`),
  CONSTRAINT `menureference_ibfk_1` FOREIGN KEY (`menuNo`) REFERENCES `menuitem` (`menuNo`),
  CONSTRAINT `menureference_ibfk_2` FOREIGN KEY (`ingredientNo`) REFERENCES `ingredients` (`ingredientNo`)
) ENGINE=InnoDB DEFAULT CHARSET=utf8;
/*!40101 SET character_set_client = @saved_cs_client */;

--
-- Dumping data for table `menureference`
--

LOCK TABLES `menureference` WRITE;
/*!40000 ALTER TABLE `menureference` DISABLE KEYS */;
INSERT INTO `menureference` VALUES (10,4),(6,6),(7,8),(8,23),(9,25),(10,32),(11,33),(11,34),(11,35),(12,36),(12,37),(12,38),(12,39),(13,40),(13,41),(13,42);
/*!40000 ALTER TABLE `menureference` ENABLE KEYS */;
UNLOCK TABLES;

--
-- Table structure for table `orderreferenceinventory`
--

DROP TABLE IF EXISTS `orderreferenceinventory`;
/*!40101 SET @saved_cs_client     = @@character_set_client */;
/*!40101 SET character_set_client = utf8 */;
CREATE TABLE `orderreferenceinventory` (
  `orderNo` int(11) NOT NULL,
  `inventoryNo` int(11) NOT NULL,
  PRIMARY KEY (`orderNo`,`inventoryNo`),
  KEY `inventoryNo` (`inventoryNo`),
  CONSTRAINT `orderreferenceinventory_ibfk_1` FOREIGN KEY (`orderNo`) REFERENCES `restaurantorder` (`OrderNo`),
  CONSTRAINT `orderreferenceinventory_ibfk_2` FOREIGN KEY (`inventoryNo`) REFERENCES `inventory` (`inventoryNo`)
) ENGINE=InnoDB DEFAULT CHARSET=utf8;
/*!40101 SET character_set_client = @saved_cs_client */;

--
-- Dumping data for table `orderreferenceinventory`
--

LOCK TABLES `orderreferenceinventory` WRITE;
/*!40000 ALTER TABLE `orderreferenceinventory` DISABLE KEYS */;
INSERT INTO `orderreferenceinventory` VALUES (16,3),(17,3),(15,4),(14,5),(11,6),(12,7),(13,9),(10,11),(7,23),(8,26),(9,26),(5,30),(10,30),(6,31),(3,32),(10,32),(3,33),(10,37),(11,37),(4,38),(4,39);
/*!40000 ALTER TABLE `orderreferenceinventory` ENABLE KEYS */;
UNLOCK TABLES;

--
-- Table structure for table `orderreferencemenu`
--

DROP TABLE IF EXISTS `orderreferencemenu`;
/*!40101 SET @saved_cs_client     = @@character_set_client */;
/*!40101 SET character_set_client = utf8 */;
CREATE TABLE `orderreferencemenu` (
  `orderNo` int(11) NOT NULL,
  `menuNo` int(11) NOT NULL,
  PRIMARY KEY (`orderNo`,`menuNo`),
  KEY `menuNo` (`menuNo`),
  CONSTRAINT `orderreferencemenu_ibfk_1` FOREIGN KEY (`orderNo`) REFERENCES `restaurantorder` (`OrderNo`),
  CONSTRAINT `orderreferencemenu_ibfk_2` FOREIGN KEY (`menuNo`) REFERENCES `menuitem` (`menuNo`)
) ENGINE=InnoDB DEFAULT CHARSET=utf8;
/*!40101 SET character_set_client = @saved_cs_client */;

--
-- Dumping data for table `orderreferencemenu`
--

LOCK TABLES `orderreferencemenu` WRITE;
/*!40000 ALTER TABLE `orderreferencemenu` DISABLE KEYS */;
INSERT INTO `orderreferencemenu` VALUES (1,1),(2,1),(3,1),(16,1),(17,1),(999,1),(1001,1),(1003,1),(1004,1),(1005,1),(1,2),(2,2),(1001,2),(1005,2),(1,3),(16,3),(17,3),(2,4),(15,4),(3,6),(11,6),(12,7),(1004,8),(13,9),(10,11),(1004,17),(1003,21),(7,23),(8,26),(9,26),(5,30),(10,30),(6,31),(3,32),(3,33),(10,37),(11,37),(4,38),(4,39),(1,88),(1,89);
/*!40000 ALTER TABLE `orderreferencemenu` ENABLE KEYS */;
UNLOCK TABLES;

--
-- Table structure for table `restaurantorder`
--

DROP TABLE IF EXISTS `restaurantorder`;
/*!40101 SET @saved_cs_client     = @@character_set_client */;
/*!40101 SET character_set_client = utf8 */;
CREATE TABLE `restaurantorder` (
  `OrderNo` int(11) NOT NULL,
  `orderTime` time(6) DEFAULT NULL,
  `orderDate` date DEFAULT NULL,
  PRIMARY KEY (`OrderNo`)
) ENGINE=InnoDB DEFAULT CHARSET=utf8;
/*!40101 SET character_set_client = @saved_cs_client */;

--
-- Dumping data for table `restaurantorder`
--

LOCK TABLES `restaurantorder` WRITE;
/*!40000 ALTER TABLE `restaurantorder` DISABLE KEYS */;
INSERT INTO `restaurantorder` VALUES (1,'12:39:32.000000','2017-11-05'),(2,NULL,NULL),(3,'22:59:49.000000','2017-11-06'),(4,'10:58:13.000000','2017-09-26'),(5,'22:27:06.000000','2017-04-07'),(6,'16:18:26.000000','2017-10-02'),(7,'00:15:42.000000','2017-01-25'),(8,'15:26:58.000000','2017-05-10'),(9,'07:03:42.000000','2017-08-02'),(10,'17:19:25.000000','2017-11-13'),(11,'19:31:21.000000','2017-08-07'),(12,'02:35:46.000000','2017-07-27'),(13,'11:32:11.000000','2017-03-22'),(14,'20:26:34.000000','2017-02-21'),(15,'09:03:48.000000','2017-02-24'),(16,'17:12:51.000000','2017-10-18'),(17,'11:49:57.000000','2016-12-03'),(18,'09:23:36.000000','2016-12-30'),(19,'11:38:33.000000','2016-12-13'),(20,'05:37:05.000000','2017-08-09'),(21,'09:50:52.000000','2016-12-31'),(22,'17:19:55.000000','2017-02-23'),(23,'09:03:25.000000','2017-01-20'),(24,'08:39:19.000000','2017-03-31'),(25,'23:13:28.000000','2017-04-22'),(26,'13:12:45.000000','2017-01-07'),(27,'12:44:07.000000','2017-07-09'),(28,'05:38:46.000000','2017-04-04'),(29,'17:18:13.000000','2017-11-12'),(30,'00:04:20.000000','2017-01-07'),(31,'01:46:35.000000','2017-01-26'),(32,'18:48:20.000000','2016-12-28'),(33,'08:51:02.000000','2017-01-01'),(34,'03:13:25.000000','2017-01-08'),(35,'07:17:27.000000','2017-06-24'),(36,'04:28:27.000000','2017-07-15'),(37,'06:58:15.000000','2017-06-19'),(38,'14:09:06.000000','2017-01-09'),(39,'09:04:06.000000','2017-09-01'),(40,'16:08:36.000000','2017-03-01'),(41,'16:08:43.000000','2017-04-12'),(42,'05:19:21.000000','2017-10-23'),(43,'21:58:12.000000','2017-10-30'),(44,'07:37:24.000000','2017-07-24'),(45,'14:10:53.000000','2017-05-06'),(46,'15:55:40.000000','2017-01-20'),(47,'20:11:57.000000','2017-01-27'),(48,'00:27:21.000000','2017-09-24'),(49,'13:10:11.000000','2017-01-06'),(50,'09:23:14.000000','2017-06-29'),(51,'20:02:48.000000','2017-06-22'),(52,'12:35:40.000000','2017-10-08'),(53,'23:25:30.000000','2017-09-23'),(54,'15:51:12.000000','2016-12-26'),(55,'16:27:52.000000','2017-01-09'),(56,'11:33:41.000000','2016-12-03'),(57,'04:28:28.000000','2017-07-05'),(58,'18:35:47.000000','2017-03-14'),(59,'20:02:23.000000','2017-08-09'),(60,'21:46:55.000000','2017-10-27'),(61,'18:49:43.000000','2017-03-12'),(62,'16:29:31.000000','2017-05-09'),(63,'02:28:32.000000','2017-02-11'),(64,'12:24:48.000000','2017-10-07'),(65,'10:10:20.000000','2017-02-23'),(66,'18:38:36.000000','2017-09-09'),(67,'06:57:53.000000','2017-07-25'),(68,'07:50:40.000000','2017-07-22'),(69,'08:03:40.000000','2017-11-21'),(70,'22:05:52.000000','2017-11-15'),(71,'07:07:36.000000','2017-07-20'),(72,'04:37:53.000000','2017-01-03'),(73,'09:35:41.000000','2016-12-30'),(74,'18:36:00.000000','2017-01-13'),(75,'12:04:45.000000','2017-09-07'),(76,'17:29:19.000000','2017-05-07'),(77,'00:28:28.000000','2017-01-07'),(78,'16:06:40.000000','2017-10-22'),(79,'20:34:44.000000','2017-01-28'),(80,'09:55:21.000000','2016-12-28'),(81,'05:24:52.000000','2016-11-30'),(82,'05:36:07.000000','2017-09-24'),(83,'03:52:55.000000','2017-07-09'),(84,'10:58:24.000000','2017-02-09'),(85,'16:41:54.000000','2017-03-01'),(86,'09:14:59.000000','2017-11-03'),(87,'01:54:25.000000','2017-09-09'),(88,'02:23:15.000000','2017-08-10'),(89,'17:59:23.000000','2017-01-04'),(90,'08:51:57.000000','2017-09-19'),(91,'18:58:25.000000','2017-05-26'),(92,'09:20:52.000000','2017-01-21'),(93,'20:35:11.000000','2017-05-24'),(94,'17:29:56.000000','2017-05-09'),(95,'23:44:08.000000','2017-11-10'),(96,'15:39:30.000000','2016-12-30'),(97,'09:02:30.000000','2017-03-27'),(98,'08:08:59.000000','2017-03-28'),(99,'18:14:03.000000','2017-11-14'),(100,'18:19:09.000000','2017-10-28'),(101,'03:48:18.000000','2017-04-20'),(102,'07:42:01.000000','2017-08-13'),(103,'03:33:37.000000','2017-06-07'),(104,'11:08:19.000000','2017-10-01'),(105,'18:18:54.000000','2017-02-16'),(106,'07:36:26.000000','2017-07-24'),(107,'06:06:36.000000','2017-01-10'),(108,'06:05:14.000000','2017-10-05'),(109,'19:37:14.000000','2017-02-20'),(110,'02:25:00.000000','2016-12-05'),(111,'23:11:53.000000','2017-01-13'),(112,'16:57:56.000000','2017-04-17'),(113,'11:51:46.000000','2017-08-18'),(114,'17:58:21.000000','2017-01-21'),(115,'11:11:38.000000','2017-01-03'),(116,'09:55:22.000000','2017-07-21'),(117,'02:03:54.000000','2017-09-24'),(118,'06:13:20.000000','2017-05-29'),(119,'17:07:10.000000','2016-12-12'),(120,'11:11:53.000000','2016-12-04'),(121,'10:00:21.000000','2016-12-14'),(122,'05:59:46.000000','2017-06-11'),(123,'01:25:56.000000','2016-12-07'),(124,'18:59:41.000000','2017-02-25'),(125,'01:22:01.000000','2017-04-28'),(126,'18:38:02.000000','2017-08-10'),(127,'22:42:27.000000','2017-11-14'),(128,'06:41:03.000000','2017-09-23'),(129,'00:29:06.000000','2017-09-06'),(130,'17:11:45.000000','2017-01-24'),(131,'10:04:51.000000','2017-07-17'),(132,'20:51:52.000000','2017-11-13'),(133,'07:25:58.000000','2017-02-03'),(134,'19:09:23.000000','2017-05-27'),(135,'09:30:45.000000','2017-04-15'),(136,'13:00:13.000000','2017-08-12'),(137,'18:31:36.000000','2017-11-14'),(138,'20:09:34.000000','2017-06-11'),(139,'23:00:39.000000','2017-10-31'),(140,'16:42:10.000000','2017-02-14'),(141,'21:33:37.000000','2017-01-03'),(142,'15:17:19.000000','2017-06-03'),(143,'14:57:07.000000','2017-10-27'),(144,'01:13:09.000000','2017-01-04'),(145,'04:51:23.000000','2017-01-15'),(146,'13:35:58.000000','2017-01-19'),(147,'15:15:38.000000','2017-11-04'),(148,'11:06:17.000000','2017-07-31'),(149,'09:14:55.000000','2017-06-28'),(150,'11:36:31.000000','2017-03-09'),(151,'17:01:47.000000','2017-01-23'),(152,'14:58:14.000000','2017-10-06'),(153,'07:04:55.000000','2017-03-22'),(154,'17:32:13.000000','2017-04-21'),(155,'02:31:50.000000','2017-07-29'),(156,'23:16:25.000000','2017-10-28'),(157,'18:16:25.000000','2017-09-25'),(158,'22:09:02.000000','2017-01-15'),(159,'03:47:48.000000','2017-07-08'),(160,'07:44:25.000000','2016-12-09'),(161,'09:36:51.000000','2017-09-11'),(162,'16:44:43.000000','2017-06-30'),(163,'02:53:16.000000','2017-08-04'),(164,'23:29:14.000000','2017-09-19'),(165,'03:07:38.000000','2017-03-23'),(166,'02:47:54.000000','2016-12-09'),(167,'02:56:38.000000','2017-07-06'),(168,'05:16:44.000000','2017-10-30'),(169,'20:33:07.000000','2017-10-05'),(170,'21:11:53.000000','2017-06-18'),(171,'19:29:41.000000','2016-12-27'),(172,'10:41:59.000000','2017-10-07'),(173,'15:33:19.000000','2017-02-27'),(174,'10:11:32.000000','2017-02-23'),(175,'09:59:18.000000','2017-07-29'),(176,'01:26:10.000000','2017-01-24'),(177,'08:10:49.000000','2017-01-26'),(178,'03:44:07.000000','2017-11-14'),(179,'23:36:56.000000','2016-12-06'),(180,'06:36:33.000000','2017-03-02'),(181,'16:11:34.000000','2017-04-05'),(182,'06:36:00.000000','2017-07-06'),(183,'13:34:06.000000','2017-01-24'),(184,'03:47:45.000000','2017-09-26'),(185,'07:51:20.000000','2017-06-23'),(186,'03:34:06.000000','2017-03-04'),(187,'19:16:40.000000','2017-10-05'),(188,'09:40:10.000000','2017-01-25'),(189,'09:42:42.000000','2017-08-10'),(190,'15:07:58.000000','2017-04-18'),(191,'20:15:46.000000','2017-03-07'),(192,'16:18:26.000000','2017-06-30'),(193,'03:13:03.000000','2017-02-10'),(194,'19:07:36.000000','2017-03-12'),(195,'21:46:11.000000','2017-05-03'),(196,'04:24:38.000000','2017-10-01'),(197,'11:57:21.000000','2017-10-14'),(198,'12:22:23.000000','2017-05-19'),(199,'05:25:10.000000','2017-06-05'),(200,'18:21:29.000000','2017-04-27'),(201,'15:41:46.000000','2017-07-28'),(202,'09:39:42.000000','2017-03-07'),(203,'05:13:34.000000','2016-12-30'),(204,'00:09:45.000000','2017-07-15'),(205,'06:49:20.000000','2017-07-11'),(206,'06:59:36.000000','2017-06-21'),(207,'19:27:04.000000','2017-06-27'),(208,'20:55:24.000000','2017-09-25'),(209,'07:21:03.000000','2017-08-19'),(210,'22:14:01.000000','2017-10-23'),(211,'03:00:57.000000','2017-08-18'),(212,'18:58:15.000000','2017-08-18'),(213,'12:55:28.000000','2017-01-27'),(214,'04:40:26.000000','2017-11-27'),(215,'14:41:24.000000','2017-05-08'),(216,'14:54:51.000000','2017-01-01'),(217,'21:28:08.000000','2017-02-03'),(218,'08:12:26.000000','2016-12-23'),(219,'21:27:50.000000','2017-01-06'),(220,'03:01:20.000000','2017-04-23'),(221,'17:10:15.000000','2017-04-28'),(222,'10:12:01.000000','2017-11-20'),(223,'05:30:22.000000','2017-03-02'),(224,'01:15:57.000000','2017-02-01'),(225,'20:04:40.000000','2017-09-22'),(226,'20:43:11.000000','2017-08-09'),(227,'00:25:36.000000','2017-01-12'),(228,'02:34:31.000000','2017-05-11'),(229,'06:59:28.000000','2017-01-08'),(230,'03:30:11.000000','2017-10-26'),(231,'06:32:29.000000','2017-10-01'),(232,'13:16:34.000000','2017-08-08'),(233,'09:18:12.000000','2017-06-11'),(234,'22:48:48.000000','2017-11-20'),(235,'16:22:05.000000','2017-10-27'),(236,'20:33:42.000000','2017-11-22'),(237,'07:39:11.000000','2017-03-26'),(238,'21:38:05.000000','2017-10-23'),(239,'07:20:42.000000','2017-09-15'),(240,'07:29:31.000000','2017-03-20'),(241,'02:08:05.000000','2017-09-06'),(242,'09:04:52.000000','2017-05-08'),(243,'15:31:35.000000','2017-06-23'),(244,'23:55:20.000000','2016-12-15'),(245,'10:46:26.000000','2017-04-25'),(246,'23:34:55.000000','2017-04-20'),(247,'12:05:12.000000','2017-08-25'),(248,'17:47:22.000000','2017-02-12'),(249,'18:57:55.000000','2017-04-25'),(250,'09:12:57.000000','2017-04-17'),(251,'10:12:17.000000','2017-03-17'),(252,'17:38:03.000000','2017-10-26'),(253,'15:56:34.000000','2017-10-30'),(254,'14:19:38.000000','2017-07-31'),(255,'20:50:49.000000','2017-01-10'),(256,'12:59:01.000000','2017-02-16'),(257,'04:27:49.000000','2017-03-12'),(258,'19:06:54.000000','2017-10-30'),(259,'15:56:12.000000','2017-04-05'),(260,'07:38:25.000000','2017-06-10'),(261,'22:32:57.000000','2017-02-19'),(262,'17:54:40.000000','2017-03-17'),(263,'12:36:36.000000','2017-01-30'),(264,'22:45:46.000000','2017-07-31'),(265,'09:27:37.000000','2017-09-03'),(266,'12:06:08.000000','2017-08-14'),(267,'01:15:48.000000','2017-09-11'),(268,'17:17:30.000000','2017-03-27'),(269,'20:25:47.000000','2016-12-29'),(270,'17:07:04.000000','2017-06-18'),(271,'20:21:38.000000','2017-05-26'),(272,'14:41:39.000000','2017-02-08'),(273,'06:19:37.000000','2017-08-30'),(274,'17:56:27.000000','2017-05-23'),(275,'21:03:12.000000','2017-04-25'),(276,'04:55:46.000000','2017-02-11'),(277,'10:26:11.000000','2017-06-10'),(278,'02:28:44.000000','2016-12-29'),(279,'18:25:10.000000','2017-05-13'),(280,'09:54:31.000000','2017-08-13'),(281,'06:49:30.000000','2017-02-18'),(282,'07:37:14.000000','2017-05-21'),(283,'07:57:33.000000','2017-01-09'),(284,'21:24:33.000000','2017-09-22'),(285,'15:15:26.000000','2017-11-22'),(286,'07:07:50.000000','2017-05-15'),(287,'04:15:41.000000','2017-07-31'),(288,'23:06:36.000000','2017-08-12'),(289,'10:36:14.000000','2017-01-14'),(290,'00:46:29.000000','2017-10-19'),(291,'20:54:30.000000','2017-04-28'),(292,'01:03:47.000000','2017-08-14'),(293,'02:02:21.000000','2017-08-01'),(294,'00:58:18.000000','2017-08-20'),(295,'13:19:44.000000','2017-08-27'),(296,'01:47:24.000000','2017-01-19'),(297,'02:34:36.000000','2017-09-04'),(298,'12:17:22.000000','2017-10-25'),(299,'10:59:37.000000','2017-01-13'),(300,'16:19:59.000000','2017-11-23'),(301,'10:49:32.000000','2016-12-13'),(302,'19:38:12.000000','2017-05-23'),(303,'12:15:47.000000','2017-08-21'),(304,'16:20:04.000000','2017-07-09'),(305,'11:36:48.000000','2017-10-25'),(306,'11:57:47.000000','2017-02-01'),(307,'03:25:42.000000','2017-02-18'),(308,'14:28:41.000000','2017-08-15'),(309,'17:33:44.000000','2017-08-05'),(310,'01:37:33.000000','2017-03-19'),(311,'16:04:02.000000','2017-08-06'),(312,'00:28:33.000000','2017-03-09'),(313,'10:53:30.000000','2017-07-30'),(314,'17:54:22.000000','2017-01-16'),(315,'03:16:58.000000','2017-07-12'),(316,'01:22:21.000000','2017-09-03'),(317,'22:38:19.000000','2017-06-12'),(318,'22:31:37.000000','2017-05-21'),(319,'13:30:54.000000','2017-10-30'),(320,'20:35:11.000000','2017-02-04'),(321,'15:28:16.000000','2017-04-09'),(322,'16:08:01.000000','2017-03-28'),(323,'07:25:45.000000','2017-01-16'),(324,'08:53:09.000000','2017-11-03'),(325,'03:33:39.000000','2017-05-11'),(326,'03:11:10.000000','2017-08-01'),(327,'05:46:25.000000','2017-10-31'),(328,'03:26:28.000000','2017-10-20'),(329,'06:13:24.000000','2017-10-06'),(330,'19:00:19.000000','2017-04-12'),(331,'12:25:19.000000','2017-08-15'),(332,'20:43:40.000000','2017-04-25'),(333,'00:23:25.000000','2017-02-20'),(334,'21:50:13.000000','2017-08-21'),(335,'07:50:25.000000','2017-09-23'),(336,'02:14:36.000000','2017-01-01'),(337,'17:36:48.000000','2017-03-04'),(338,'15:52:56.000000','2017-04-14'),(339,'01:34:10.000000','2017-03-31'),(340,'15:59:08.000000','2017-07-19'),(341,'07:12:24.000000','2017-09-03'),(342,'03:37:23.000000','2017-07-26'),(343,'13:21:38.000000','2017-06-02'),(344,'05:55:50.000000','2017-10-22'),(345,'13:58:50.000000','2017-01-23'),(346,'12:29:05.000000','2016-12-10'),(347,'15:39:35.000000','2017-07-04'),(348,'11:42:02.000000','2017-11-27'),(349,'23:38:09.000000','2017-11-24'),(350,'18:02:50.000000','2017-10-13'),(351,'14:33:25.000000','2017-07-31'),(352,'00:15:16.000000','2016-12-03'),(353,'19:08:50.000000','2017-11-01'),(354,'21:09:42.000000','2017-01-01'),(355,'23:11:48.000000','2017-04-07'),(356,'06:52:20.000000','2017-11-14'),(357,'08:06:59.000000','2017-08-17'),(358,'23:41:44.000000','2016-12-03'),(359,'02:09:17.000000','2017-08-20'),(360,'09:57:07.000000','2017-02-01'),(361,'20:13:21.000000','2017-05-17'),(362,'02:55:35.000000','2017-05-22'),(363,'05:57:10.000000','2017-05-21'),(364,'01:44:43.000000','2016-12-31'),(365,'13:34:28.000000','2016-12-21'),(366,'21:34:12.000000','2017-06-25'),(367,'22:59:45.000000','2017-11-18'),(368,'02:27:14.000000','2016-12-07'),(369,'14:51:52.000000','2017-04-19'),(370,'04:26:27.000000','2017-05-11'),(371,'07:13:05.000000','2017-03-20'),(372,'18:55:13.000000','2017-01-23'),(373,'00:58:27.000000','2017-02-25'),(374,'19:06:42.000000','2017-03-08'),(375,'10:02:38.000000','2017-06-18'),(376,'17:26:36.000000','2017-06-22'),(377,'07:55:42.000000','2017-08-27'),(378,'03:50:01.000000','2017-01-10'),(379,'21:00:44.000000','2017-11-28'),(380,'20:17:47.000000','2017-05-29'),(381,'06:56:58.000000','2017-01-24'),(382,'22:57:11.000000','2017-03-21'),(383,'14:48:09.000000','2017-05-06'),(384,'20:41:38.000000','2016-12-06'),(385,'19:05:14.000000','2017-11-23'),(386,'14:56:06.000000','2017-05-05'),(387,'23:08:11.000000','2017-06-10'),(388,'12:55:22.000000','2017-02-13'),(389,'02:27:19.000000','2017-09-09'),(390,'08:13:17.000000','2017-07-09'),(391,'00:54:45.000000','2017-08-28'),(392,'17:20:39.000000','2017-03-25'),(393,'19:18:01.000000','2017-06-07'),(394,'17:17:34.000000','2017-11-12'),(395,'23:26:23.000000','2017-03-31'),(396,'22:57:09.000000','2017-04-03'),(397,'21:05:25.000000','2017-09-28'),(398,'04:07:14.000000','2017-01-03'),(399,'15:14:02.000000','2016-12-01'),(400,'01:45:18.000000','2017-10-29'),(401,'07:14:38.000000','2017-09-21'),(402,'14:28:50.000000','2016-12-08'),(403,'08:04:34.000000','2017-05-11'),(404,'06:15:29.000000','2017-02-02'),(405,'20:41:40.000000','2017-03-04'),(406,'22:34:06.000000','2016-12-23'),(407,'01:55:57.000000','2017-06-26'),(408,'10:41:21.000000','2017-03-05'),(409,'10:48:25.000000','2017-07-24'),(410,'19:42:56.000000','2017-06-03'),(411,'04:42:33.000000','2017-07-04'),(412,'03:07:49.000000','2017-10-31'),(413,'02:33:22.000000','2017-08-30'),(414,'20:03:07.000000','2017-08-12'),(415,'13:40:39.000000','2017-09-17'),(416,'21:39:21.000000','2017-02-12'),(417,'21:40:05.000000','2017-10-28'),(418,'16:26:31.000000','2017-02-08'),(419,'01:26:17.000000','2016-12-28'),(420,'23:22:55.000000','2017-09-17'),(421,'11:53:35.000000','2017-02-23'),(422,'15:53:58.000000','2017-05-26'),(423,'21:51:48.000000','2017-07-21'),(424,'08:55:08.000000','2017-10-24'),(425,'06:18:58.000000','2017-01-09'),(426,'13:30:53.000000','2017-02-09'),(427,'02:25:15.000000','2016-12-12'),(428,'20:32:30.000000','2017-07-24'),(429,'05:26:40.000000','2016-12-05'),(430,'19:52:26.000000','2017-09-12'),(431,'11:44:55.000000','2017-08-29'),(432,'03:30:12.000000','2017-11-13'),(433,'12:16:54.000000','2017-04-10'),(434,'11:41:19.000000','2017-05-11'),(435,'17:47:38.000000','2017-01-18'),(436,'04:29:00.000000','2017-09-14'),(437,'03:41:19.000000','2017-11-14'),(438,'12:46:11.000000','2017-05-31'),(439,'00:28:46.000000','2017-08-17'),(440,'11:22:40.000000','2017-05-07'),(441,'17:05:49.000000','2016-12-06'),(442,'04:19:26.000000','2017-03-12'),(443,'16:50:45.000000','2016-11-30'),(444,'17:23:03.000000','2017-11-09'),(445,'09:18:34.000000','2016-12-15'),(446,'13:47:29.000000','2017-04-18'),(447,'20:21:30.000000','2017-08-04'),(448,'16:11:11.000000','2017-09-04'),(449,'05:48:20.000000','2017-03-24'),(450,'02:40:01.000000','2017-10-22'),(451,'01:15:29.000000','2017-04-05'),(452,'18:13:38.000000','2017-11-22'),(453,'09:54:59.000000','2017-09-19'),(454,'02:37:35.000000','2017-05-08'),(455,'02:43:34.000000','2016-12-07'),(456,'10:24:28.000000','2017-01-11'),(457,'01:54:50.000000','2017-06-18'),(458,'07:17:59.000000','2017-08-24'),(459,'10:58:10.000000','2017-04-11'),(460,'06:10:55.000000','2016-11-30'),(461,'05:07:26.000000','2017-04-02'),(462,'18:12:23.000000','2017-07-13'),(463,'05:47:41.000000','2017-01-02'),(464,'12:36:57.000000','2017-11-04'),(465,'23:49:24.000000','2017-05-09'),(466,'19:40:21.000000','2017-06-20'),(467,'15:19:33.000000','2017-08-02'),(468,'11:10:15.000000','2017-08-31'),(469,'20:37:47.000000','2017-04-15'),(470,'18:51:42.000000','2017-11-25'),(471,'02:16:01.000000','2017-09-19'),(472,'11:37:17.000000','2017-11-15'),(473,'20:08:45.000000','2017-01-24'),(474,'17:17:28.000000','2017-03-09'),(475,'10:36:47.000000','2017-04-06'),(476,'05:46:28.000000','2017-05-26'),(477,'01:52:39.000000','2017-01-24'),(478,'15:29:27.000000','2017-05-23'),(479,'17:11:56.000000','2017-07-16'),(480,'00:12:19.000000','2017-07-26'),(481,'11:15:15.000000','2017-04-15'),(482,'00:21:05.000000','2017-10-18'),(483,'08:32:42.000000','2017-09-20'),(484,'07:47:17.000000','2017-06-13'),(485,'09:42:08.000000','2017-07-24'),(486,'15:07:44.000000','2016-12-28'),(487,'03:37:15.000000','2016-11-29'),(488,'07:32:21.000000','2017-05-29'),(489,'16:47:24.000000','2017-04-24'),(490,'05:28:45.000000','2017-07-29'),(491,'23:56:41.000000','2017-09-06'),(492,'14:22:01.000000','2017-07-14'),(493,'21:02:45.000000','2017-04-01'),(494,'10:54:15.000000','2017-07-06'),(495,'08:48:58.000000','2017-11-06'),(496,'16:37:28.000000','2016-12-25'),(497,'01:20:06.000000','2017-10-29'),(498,'19:40:07.000000','2017-03-11'),(499,'19:39:52.000000','2017-07-21'),(500,'02:07:03.000000','2016-12-30'),(501,'11:16:44.000000','2017-01-16'),(502,'19:59:32.000000','2017-09-13'),(503,'13:13:44.000000','2017-01-05'),(504,'06:45:23.000000','2017-04-21'),(505,'15:01:30.000000','2017-01-19'),(506,'10:05:10.000000','2017-05-26'),(507,'15:26:30.000000','2016-12-21'),(508,'12:50:38.000000','2017-11-15'),(509,'06:28:50.000000','2017-10-13'),(510,'12:02:22.000000','2017-02-09'),(511,'02:10:29.000000','2017-11-24'),(512,'02:01:35.000000','2017-09-10'),(513,'10:52:20.000000','2017-06-29'),(514,'02:49:29.000000','2017-11-26'),(515,'05:28:55.000000','2017-05-05'),(516,'07:39:40.000000','2017-10-09'),(517,'21:35:42.000000','2017-01-02'),(518,'03:19:02.000000','2017-02-07'),(519,'09:11:15.000000','2017-08-25'),(520,'11:57:28.000000','2017-09-07'),(521,'18:50:10.000000','2017-01-05'),(522,'02:24:22.000000','2017-02-14'),(523,'23:46:50.000000','2017-01-29'),(524,'16:08:59.000000','2017-03-26'),(525,'07:17:27.000000','2017-07-19'),(526,'12:56:21.000000','2017-02-28'),(527,'13:30:17.000000','2017-11-04'),(528,'23:29:48.000000','2016-12-30'),(529,'02:00:50.000000','2016-12-16'),(530,'00:02:58.000000','2017-03-19'),(531,'09:23:53.000000','2017-10-25'),(532,'07:35:08.000000','2017-10-16'),(533,'09:11:11.000000','2017-04-26'),(534,'23:01:32.000000','2017-09-02'),(535,'14:59:49.000000','2017-07-17'),(536,'17:02:01.000000','2017-01-30'),(537,'09:52:27.000000','2017-03-18'),(538,'22:08:18.000000','2017-01-25'),(539,'20:25:35.000000','2017-03-19'),(540,'23:46:26.000000','2017-06-21'),(541,'08:12:41.000000','2017-03-08'),(542,'13:08:11.000000','2017-04-12'),(543,'07:12:14.000000','2017-11-21'),(544,'10:21:19.000000','2017-06-29'),(545,'06:01:09.000000','2017-05-04'),(546,'11:03:50.000000','2017-03-30'),(547,'10:26:03.000000','2017-08-03'),(548,'17:35:45.000000','2017-05-02'),(549,'04:30:49.000000','2017-02-15'),(550,'18:50:26.000000','2017-08-02'),(551,'11:48:06.000000','2017-10-03'),(552,'21:32:23.000000','2017-08-19'),(553,'15:36:21.000000','2017-07-05'),(554,'12:06:49.000000','2017-03-24'),(555,'16:17:09.000000','2017-02-17'),(556,'19:48:05.000000','2017-02-05'),(557,'03:04:39.000000','2017-05-21'),(558,'14:13:29.000000','2017-07-21'),(559,'19:23:03.000000','2017-09-25'),(560,'11:12:32.000000','2017-09-09'),(561,'03:26:18.000000','2017-02-15'),(562,'19:13:56.000000','2017-09-29'),(563,'17:11:35.000000','2016-12-08'),(564,'10:40:25.000000','2017-01-09'),(565,'20:11:43.000000','2017-05-21'),(566,'09:54:52.000000','2017-06-21'),(567,'08:37:39.000000','2017-10-09'),(568,'10:48:25.000000','2017-03-17'),(569,'14:18:54.000000','2017-11-25'),(570,'16:10:49.000000','2017-07-26'),(571,'10:13:04.000000','2017-04-06'),(572,'00:42:35.000000','2017-06-01'),(573,'18:29:09.000000','2017-04-17'),(574,'19:22:47.000000','2017-03-04'),(575,'13:19:04.000000','2016-12-04'),(576,'10:17:58.000000','2017-03-02'),(577,'16:34:39.000000','2017-07-07'),(578,'10:04:11.000000','2016-12-08'),(579,'23:52:56.000000','2017-05-17'),(580,'09:56:29.000000','2017-10-23'),(581,'05:34:04.000000','2017-08-09'),(582,'00:50:27.000000','2017-01-26'),(583,'20:55:00.000000','2017-11-16'),(584,'20:56:25.000000','2017-03-23'),(585,'09:03:56.000000','2017-08-27'),(586,'14:20:20.000000','2017-06-11'),(587,'18:12:42.000000','2017-11-08'),(588,'16:49:00.000000','2017-01-03'),(589,'17:28:33.000000','2017-05-18'),(590,'12:20:08.000000','2017-01-05'),(591,'14:02:36.000000','2016-12-05'),(592,'16:13:59.000000','2017-10-01'),(593,'02:16:19.000000','2017-11-06'),(594,'17:09:27.000000','2017-10-29'),(595,'02:39:39.000000','2017-04-25'),(596,'21:40:52.000000','2017-03-27'),(597,'02:25:23.000000','2017-04-19'),(598,'23:22:24.000000','2017-11-08'),(599,'18:31:35.000000','2017-08-09'),(600,'23:52:54.000000','2017-11-18'),(601,'18:47:03.000000','2017-09-14'),(602,'18:47:22.000000','2017-09-15'),(603,'02:44:58.000000','2017-01-05'),(604,'05:23:18.000000','2017-09-23'),(605,'05:58:22.000000','2017-02-16'),(606,'11:47:07.000000','2017-08-25'),(607,'09:50:53.000000','2017-05-17'),(608,'23:52:18.000000','2017-06-07'),(609,'15:32:50.000000','2017-11-08'),(610,'14:54:07.000000','2017-03-22'),(611,'16:10:08.000000','2017-07-26'),(612,'20:05:14.000000','2017-10-09'),(613,'22:41:28.000000','2017-08-05'),(614,'08:26:29.000000','2017-02-05'),(615,'04:33:05.000000','2017-08-05'),(616,'23:33:27.000000','2017-10-29'),(617,'01:37:59.000000','2016-12-19'),(618,'16:44:18.000000','2017-05-03'),(619,'17:09:55.000000','2017-11-18'),(620,'11:38:35.000000','2017-08-05'),(621,'10:21:05.000000','2016-12-08'),(622,'09:52:10.000000','2017-05-16'),(623,'18:50:13.000000','2017-02-14'),(624,'08:11:12.000000','2017-07-06'),(625,'19:26:41.000000','2017-07-17'),(626,'10:48:52.000000','2017-04-28'),(627,'08:59:54.000000','2017-08-23'),(628,'01:28:05.000000','2017-09-02'),(629,'20:48:15.000000','2017-05-21'),(630,'00:39:06.000000','2017-06-14'),(631,'23:22:05.000000','2017-10-22'),(632,'05:15:09.000000','2017-06-13'),(633,'10:09:25.000000','2017-11-09'),(634,'23:34:03.000000','2017-02-17'),(635,'13:48:07.000000','2017-03-13'),(636,'12:36:43.000000','2017-07-22'),(637,'23:13:35.000000','2017-10-15'),(638,'02:18:18.000000','2017-05-24'),(639,'15:29:24.000000','2017-10-24'),(640,'03:41:49.000000','2017-01-24'),(641,'16:06:53.000000','2017-02-19'),(642,'04:51:41.000000','2017-10-11'),(643,'17:56:30.000000','2016-12-26'),(644,'17:48:50.000000','2017-07-14'),(645,'11:13:57.000000','2017-10-19'),(646,'23:10:07.000000','2017-06-30'),(647,'21:46:31.000000','2017-11-09'),(648,'05:08:48.000000','2017-06-05'),(649,'21:15:31.000000','2017-01-04'),(650,'03:44:25.000000','2017-05-29'),(651,'16:18:32.000000','2017-07-04'),(652,'00:31:16.000000','2017-06-30'),(653,'12:03:53.000000','2017-08-24'),(654,'00:16:30.000000','2017-09-17'),(655,'04:38:58.000000','2016-12-03'),(656,'22:52:19.000000','2017-06-18'),(657,'13:40:03.000000','2017-06-04'),(658,'02:52:19.000000','2017-05-09'),(659,'13:03:21.000000','2017-05-26'),(660,'06:29:14.000000','2017-04-30'),(661,'20:03:12.000000','2017-07-18'),(662,'02:14:34.000000','2017-07-04'),(663,'06:39:30.000000','2017-05-20'),(664,'17:38:37.000000','2017-07-12'),(665,'21:33:09.000000','2017-10-04'),(666,'04:03:34.000000','2017-02-21'),(667,'11:40:45.000000','2016-12-26'),(668,'21:20:40.000000','2017-06-29'),(669,'22:39:45.000000','2017-08-28'),(670,'11:36:28.000000','2017-09-21'),(671,'20:18:08.000000','2017-07-31'),(672,'01:47:51.000000','2017-05-14'),(673,'20:37:49.000000','2016-12-23'),(674,'06:39:53.000000','2017-06-15'),(675,'06:02:46.000000','2017-10-06'),(676,'13:49:49.000000','2017-10-30'),(677,'15:09:05.000000','2017-07-10'),(678,'08:38:30.000000','2017-05-05'),(679,'05:15:05.000000','2016-12-18'),(680,'01:09:55.000000','2017-05-30'),(681,'13:37:02.000000','2017-06-17'),(682,'16:23:26.000000','2017-07-16'),(683,'02:12:18.000000','2017-09-17'),(684,'01:40:47.000000','2016-12-06'),(685,'00:59:26.000000','2017-03-13'),(686,'02:12:03.000000','2017-01-04'),(687,'00:30:51.000000','2017-08-15'),(688,'23:52:19.000000','2017-03-10'),(689,'22:26:50.000000','2017-07-21'),(690,'23:37:29.000000','2016-12-25'),(691,'18:49:26.000000','2017-08-20'),(692,'07:32:56.000000','2017-09-04'),(693,'03:04:25.000000','2017-05-12'),(694,'00:38:12.000000','2017-03-08'),(695,'07:59:24.000000','2017-04-23'),(696,'02:49:18.000000','2016-12-12'),(697,'03:07:27.000000','2017-06-04'),(698,'15:20:29.000000','2016-12-04'),(699,'05:35:19.000000','2017-06-03'),(700,'01:10:56.000000','2017-07-30'),(701,'01:11:59.000000','2017-10-09'),(702,'11:18:26.000000','2017-05-28'),(703,'17:23:54.000000','2017-02-21'),(704,'17:05:09.000000','2017-11-23'),(705,'22:33:34.000000','2017-10-04'),(706,'17:50:38.000000','2017-11-20'),(707,'07:40:27.000000','2017-09-19'),(708,'16:34:43.000000','2017-06-10'),(709,'23:49:01.000000','2017-06-22'),(710,'19:51:50.000000','2017-01-26'),(711,'03:03:44.000000','2017-10-11'),(712,'18:24:58.000000','2017-10-26'),(713,'02:39:30.000000','2017-09-30'),(714,'01:24:18.000000','2016-12-20'),(715,'20:19:13.000000','2017-09-20'),(716,'11:13:04.000000','2017-03-03'),(717,'18:00:22.000000','2016-12-06'),(718,'17:04:53.000000','2017-09-22'),(719,'15:59:36.000000','2017-07-11'),(720,'12:13:19.000000','2017-09-04'),(721,'17:03:39.000000','2017-09-19'),(722,'15:03:55.000000','2017-10-28'),(723,'02:45:05.000000','2017-06-22'),(724,'17:07:07.000000','2017-09-13'),(725,'03:46:19.000000','2017-02-16'),(726,'18:51:30.000000','2017-06-16'),(727,'08:23:57.000000','2017-04-27'),(728,'23:48:06.000000','2017-08-24'),(729,'04:14:46.000000','2017-08-24'),(730,'05:24:54.000000','2017-02-21'),(731,'20:03:15.000000','2017-04-19'),(732,'16:22:40.000000','2017-09-11'),(733,'18:43:32.000000','2016-12-16'),(734,'21:02:46.000000','2017-01-24'),(735,'22:05:34.000000','2017-08-10'),(736,'03:03:32.000000','2017-08-14'),(737,'01:35:33.000000','2017-07-28'),(738,'02:01:44.000000','2017-06-12'),(739,'10:55:55.000000','2017-10-03'),(740,'21:25:34.000000','2017-04-08'),(741,'16:12:02.000000','2017-10-07'),(742,'02:27:58.000000','2017-11-13'),(743,'05:04:06.000000','2017-06-16'),(744,'00:50:25.000000','2016-12-28'),(745,'06:35:58.000000','2017-09-16'),(746,'15:28:29.000000','2017-02-03'),(747,'04:56:11.000000','2017-02-16'),(748,'20:30:32.000000','2017-07-03'),(749,'02:56:06.000000','2017-06-08'),(750,'02:11:33.000000','2017-01-06'),(751,'19:45:44.000000','2017-02-16'),(752,'14:34:37.000000','2017-06-20'),(753,'00:23:18.000000','2017-06-13'),(754,'18:27:47.000000','2017-09-09'),(755,'11:49:52.000000','2017-03-01'),(756,'11:24:37.000000','2017-06-04'),(757,'23:11:27.000000','2017-11-08'),(758,'08:58:50.000000','2016-12-02'),(759,'14:48:20.000000','2017-04-21'),(760,'02:07:25.000000','2017-04-13'),(761,'04:29:28.000000','2017-06-26'),(762,'07:27:19.000000','2017-07-09'),(763,'14:56:48.000000','2017-07-12'),(764,'21:05:49.000000','2017-07-01'),(765,'20:19:10.000000','2017-06-24'),(766,'04:34:41.000000','2016-12-17'),(767,'21:30:07.000000','2017-07-24'),(768,'20:37:41.000000','2017-03-06'),(769,'11:01:00.000000','2017-02-03'),(770,'04:21:08.000000','2017-10-23'),(771,'15:55:24.000000','2017-07-09'),(772,'16:57:54.000000','2017-08-13'),(773,'05:53:41.000000','2017-06-29'),(774,'21:41:37.000000','2017-11-04'),(775,'07:37:17.000000','2016-12-04'),(776,'04:01:15.000000','2017-07-11'),(777,'01:35:09.000000','2017-04-14'),(778,'00:37:01.000000','2017-10-18'),(779,'19:21:54.000000','2017-07-21'),(780,'04:14:06.000000','2017-09-01'),(781,'22:32:41.000000','2017-06-21'),(782,'12:26:48.000000','2017-03-02'),(783,'16:34:28.000000','2017-06-16'),(784,'14:07:40.000000','2017-06-26'),(785,'11:09:45.000000','2017-08-21'),(786,'08:33:52.000000','2017-08-06'),(787,'02:27:05.000000','2017-11-22'),(788,'16:12:18.000000','2017-07-25'),(789,'01:31:01.000000','2017-04-05'),(790,'17:10:27.000000','2017-01-11'),(791,'07:49:46.000000','2016-12-26'),(792,'05:14:00.000000','2017-05-19'),(793,'10:37:03.000000','2017-04-17'),(794,'12:41:22.000000','2017-10-01'),(795,'21:36:22.000000','2017-08-28'),(796,'05:16:40.000000','2016-12-18'),(797,'12:19:41.000000','2017-10-13'),(798,'00:36:51.000000','2017-02-25'),(799,'10:51:06.000000','2016-11-29'),(800,'14:08:15.000000','2017-02-06'),(801,'13:12:50.000000','2016-12-19'),(802,'21:16:06.000000','2016-12-29'),(803,'16:26:35.000000','2016-12-16'),(804,'05:05:42.000000','2017-05-11'),(805,'08:07:24.000000','2017-11-20'),(806,'20:50:01.000000','2016-12-08'),(807,'11:58:47.000000','2017-08-07'),(808,'23:47:55.000000','2017-02-10'),(809,'13:47:16.000000','2017-08-10'),(810,'22:56:50.000000','2016-12-09'),(811,'14:01:28.000000','2017-11-03'),(812,'07:59:42.000000','2017-11-23'),(813,'09:00:01.000000','2017-03-20'),(814,'00:12:56.000000','2017-10-28'),(815,'07:31:55.000000','2017-11-17'),(816,'19:29:40.000000','2017-09-17'),(817,'10:12:18.000000','2017-09-11'),(818,'07:27:18.000000','2017-10-17'),(819,'07:33:58.000000','2017-09-29'),(820,'13:18:58.000000','2017-03-01'),(821,'04:56:43.000000','2017-10-04'),(822,'19:41:58.000000','2017-07-17'),(823,'17:10:08.000000','2017-11-26'),(824,'00:10:25.000000','2017-03-16'),(825,'19:38:42.000000','2017-05-30'),(826,'09:42:49.000000','2017-05-13'),(827,'21:08:13.000000','2017-08-25'),(828,'10:54:34.000000','2017-07-01'),(829,'22:43:05.000000','2016-12-29'),(830,'21:09:03.000000','2017-06-16'),(831,'21:31:06.000000','2017-09-10'),(832,'13:22:59.000000','2017-02-17'),(833,'06:50:40.000000','2016-12-11'),(834,'09:59:47.000000','2017-01-11'),(835,'11:18:13.000000','2017-05-13'),(836,'02:19:32.000000','2017-07-31'),(837,'23:11:03.000000','2017-03-25'),(838,'06:12:58.000000','2017-06-30'),(839,'19:32:31.000000','2017-03-13'),(840,'21:06:07.000000','2016-12-27'),(841,'22:31:40.000000','2017-08-09'),(842,'22:53:14.000000','2017-10-14'),(843,'22:39:32.000000','2017-10-30'),(844,'13:07:32.000000','2017-05-25'),(845,'17:05:48.000000','2017-02-19'),(846,'07:43:28.000000','2017-08-24'),(847,'23:49:10.000000','2017-04-16'),(848,'02:08:20.000000','2017-05-08'),(849,'10:45:36.000000','2017-01-11'),(850,'02:22:31.000000','2017-07-23'),(851,'11:18:16.000000','2017-05-29'),(852,'18:05:29.000000','2017-05-28'),(853,'00:21:05.000000','2017-08-16'),(854,'01:49:40.000000','2017-05-17'),(855,'10:06:52.000000','2017-09-15'),(856,'21:59:07.000000','2017-03-29'),(857,'03:47:45.000000','2017-07-02'),(858,'15:00:26.000000','2017-02-01'),(859,'03:10:40.000000','2017-11-18'),(860,'07:32:53.000000','2017-08-09'),(861,'01:51:38.000000','2017-07-03'),(862,'18:53:19.000000','2017-11-25'),(863,'17:37:27.000000','2017-10-25'),(864,'04:28:04.000000','2017-11-22'),(865,'22:29:04.000000','2016-11-30'),(866,'08:21:29.000000','2017-03-18'),(867,'09:09:26.000000','2017-02-10'),(868,'19:13:46.000000','2017-10-04'),(869,'10:00:29.000000','2017-09-21'),(870,'23:34:54.000000','2017-11-10'),(871,'06:16:49.000000','2017-06-04'),(872,'08:25:21.000000','2017-05-14'),(873,'17:54:46.000000','2017-10-28'),(874,'07:23:57.000000','2017-02-24'),(875,'07:21:47.000000','2016-12-13'),(876,'11:48:06.000000','2017-03-31'),(877,'10:31:03.000000','2017-07-15'),(878,'21:06:40.000000','2017-03-16'),(879,'23:33:39.000000','2017-07-07'),(880,'11:41:45.000000','2017-04-29'),(881,'05:40:00.000000','2017-08-18'),(882,'02:37:04.000000','2017-02-12'),(883,'05:35:46.000000','2017-07-30'),(884,'14:54:43.000000','2017-07-31'),(885,'06:32:33.000000','2017-02-25'),(886,'08:43:29.000000','2017-11-08'),(887,'10:13:07.000000','2017-10-27'),(888,'21:18:00.000000','2017-09-13'),(889,'03:42:54.000000','2017-03-02'),(890,'03:46:01.000000','2017-07-04'),(891,'16:44:56.000000','2017-11-23'),(892,'19:03:57.000000','2017-11-23'),(893,'22:07:37.000000','2017-01-18'),(894,'14:30:29.000000','2017-11-16'),(895,'18:02:06.000000','2017-04-28'),(896,'23:53:01.000000','2017-07-28'),(897,'01:04:07.000000','2017-06-26'),(898,'04:47:24.000000','2017-07-21'),(899,'03:44:40.000000','2017-02-09'),(900,'00:50:07.000000','2017-08-16'),(901,'10:12:17.000000','2017-01-28'),(902,'11:28:53.000000','2016-12-09'),(903,'13:07:49.000000','2017-09-13'),(904,'00:55:16.000000','2016-12-04'),(905,'21:14:19.000000','2017-11-18'),(906,'23:41:57.000000','2017-07-08'),(907,'10:30:01.000000','2016-12-04'),(908,'12:58:50.000000','2017-07-11'),(909,'06:09:50.000000','2017-07-27'),(910,'10:23:53.000000','2017-09-07'),(911,'22:47:46.000000','2017-11-16'),(912,'00:36:08.000000','2017-04-20'),(913,'06:17:36.000000','2017-05-20'),(914,'04:20:28.000000','2017-06-21'),(915,'11:12:13.000000','2016-12-18'),(916,'23:00:22.000000','2017-07-18'),(917,'00:00:16.000000','2017-09-28'),(918,'20:34:54.000000','2016-12-22'),(919,'22:01:29.000000','2017-03-10'),(920,'13:01:45.000000','2017-07-19'),(921,'09:50:25.000000','2017-07-11'),(922,'20:53:09.000000','2017-09-20'),(923,'16:12:17.000000','2017-03-23'),(924,'03:33:23.000000','2017-09-07'),(925,'04:11:24.000000','2017-05-07'),(926,'09:49:48.000000','2017-06-25'),(927,'00:26:36.000000','2017-09-05'),(928,'17:35:41.000000','2017-05-05'),(929,'23:58:15.000000','2017-05-07'),(930,'20:27:51.000000','2017-07-19'),(931,'09:17:35.000000','2017-10-10'),(932,'15:34:55.000000','2016-12-30'),(933,'21:18:58.000000','2017-08-14'),(934,'22:56:07.000000','2017-09-30'),(935,'03:07:51.000000','2017-11-21'),(936,'17:46:14.000000','2017-10-08'),(937,'23:45:10.000000','2017-08-31'),(938,'02:34:02.000000','2017-03-26'),(939,'21:54:58.000000','2017-05-28'),(940,'01:54:49.000000','2017-02-14'),(941,'17:53:18.000000','2017-04-28'),(942,'03:06:18.000000','2017-04-05'),(943,'17:20:38.000000','2016-12-16'),(944,'23:04:56.000000','2017-02-08'),(945,'10:40:54.000000','2017-09-07'),(946,'12:45:39.000000','2016-12-26'),(947,'21:15:04.000000','2016-12-13'),(948,'03:40:22.000000','2016-12-15'),(949,'11:45:07.000000','2017-07-13'),(950,'16:59:18.000000','2017-09-13'),(951,'10:37:37.000000','2017-11-10'),(952,'21:24:18.000000','2016-12-15'),(953,'03:18:37.000000','2017-05-19'),(954,'12:42:55.000000','2017-07-14'),(955,'20:16:13.000000','2017-03-24'),(956,'20:16:35.000000','2016-12-23'),(957,'08:15:13.000000','2017-09-22'),(958,'21:14:37.000000','2017-01-14'),(959,'00:13:23.000000','2017-06-22'),(960,'13:49:02.000000','2017-09-21'),(961,'20:13:42.000000','2017-04-25'),(962,'12:11:51.000000','2017-07-23'),(963,'04:19:50.000000','2017-11-04'),(964,'00:20:54.000000','2017-02-18'),(965,'00:25:15.000000','2017-02-28'),(966,'10:13:29.000000','2017-06-13'),(967,'17:47:24.000000','2017-11-26'),(968,'14:11:16.000000','2017-07-24'),(969,'03:01:35.000000','2017-01-02'),(970,'00:28:21.000000','2017-02-09'),(971,'06:50:58.000000','2017-01-30'),(972,'08:28:43.000000','2017-11-10'),(973,'18:23:05.000000','2017-03-12'),(974,'07:38:00.000000','2016-12-26'),(975,'10:43:00.000000','2017-08-08'),(976,'15:06:09.000000','2017-02-28'),(977,'09:01:16.000000','2017-08-24'),(978,'13:22:39.000000','2017-07-26'),(979,'21:22:53.000000','2017-02-03'),(980,'20:03:22.000000','2017-01-04'),(981,'05:59:12.000000','2017-07-30'),(982,'04:04:33.000000','2017-06-21'),(983,'20:23:23.000000','2017-04-18'),(984,'19:48:46.000000','2017-07-31'),(985,'16:35:18.000000','2016-12-29'),(986,'06:28:09.000000','2017-11-18'),(987,'02:01:42.000000','2017-03-31'),(988,'12:24:32.000000','2016-12-12'),(989,'04:08:39.000000','2017-08-19'),(990,'13:13:42.000000','2017-05-02'),(991,'10:13:34.000000','2017-09-07'),(992,'10:40:48.000000','2017-06-03'),(993,'04:50:54.000000','2017-04-25'),(994,'22:23:18.000000','2017-10-03'),(995,'20:08:05.000000','2017-09-24'),(996,'13:38:47.000000','2017-03-09'),(997,'17:43:42.000000','2017-05-13'),(998,'20:48:17.000000','2017-04-20'),(999,'21:47:53.000000','2016-12-17'),(1000,'06:49:27.000000','2017-01-21'),(1001,'12:00:00.000000','1111-12-15'),(1002,'12:09:52.000000','1111-12-25'),(1003,'12:09:52.000000','2017-12-17'),(1004,'23:59:59.000000','2017-09-12'),(1005,'12:56:49.000000','2018-12-24');
/*!40000 ALTER TABLE `restaurantorder` ENABLE KEYS */;
UNLOCK TABLES;

--
-- Temporary view structure for view `restaurantorderview`
--

DROP TABLE IF EXISTS `restaurantorderview`;
/*!50001 DROP VIEW IF EXISTS `restaurantorderview`*/;
SET @saved_cs_client     = @@character_set_client;
SET character_set_client = utf8;
/*!50001 CREATE VIEW `restaurantorderview` AS SELECT 
 1 AS `orderNo`,
 1 AS `orderTime`,
 1 AS `orderDate`,
 1 AS `subtotal`,
 1 AS `tax`,
 1 AS `total`*/;
SET character_set_client = @saved_cs_client;

--
-- Table structure for table `supplier`
--

DROP TABLE IF EXISTS `supplier`;
/*!40101 SET @saved_cs_client     = @@character_set_client */;
/*!40101 SET character_set_client = utf8 */;
CREATE TABLE `supplier` (
  `supplierNo` int(11) NOT NULL,
  `supplierName` varchar(30) DEFAULT NULL,
  `address` varchar(70) DEFAULT NULL,
  `phoneNo` char(10) DEFAULT NULL,
  PRIMARY KEY (`supplierNo`)
) ENGINE=InnoDB DEFAULT CHARSET=utf8;
/*!40101 SET character_set_client = @saved_cs_client */;

--
-- Dumping data for table `supplier`
--

LOCK TABLES `supplier` WRITE;
/*!40000 ALTER TABLE `supplier` DISABLE KEYS */;
INSERT INTO `supplier` VALUES (1,'foodPlace','123 Food Street','5191234567'),(2,'dsd','1203982930 dsijad','1234567891'),(3,'Devpoint','98179 Nevada Way','6892915255'),(4,'Bluezoom','66747 Blaine Lane','3626891547'),(5,'Feedfish','192 Lake View Drive','2046628730'),(6,'Avamm','14 Village Place','5375516197'),(7,'Jabberbean','64655 Maryland Circle','6847270721'),(8,'Edgeclub','504 Annamark Junction','6913730882'),(9,'Centizu','56154 Knutson Alley','8175361924'),(10,'Twitterbeat','62 Main Circle','9121296296'),(11,'Topicware','0517 Paget Avenue','6782862681'),(12,'Twitterbeat','508 Texas Circle','6191100891'),(13,'Tambee','25059 Eliot Park','0519176933'),(14,'Voomm','1493 Banding Terrace','8799821116'),(15,'Flipstorm','736 Fairfield Place','2155875110'),(16,'Kwinu','31503 Utah Road','2443925490'),(17,'Fadeo','3085 Melvin Street','0398648917'),(18,'Tanoodle','1 John Wall Parkway','2502748485'),(19,'Trilia','1 Menomonie Avenue','3982665256'),(20,'Nlounge','14584 Bay Alley','8651843114'),(21,'Skyble','7157 Ramsey Junction','0112353845'),(22,'Meejo','260 Atwood Parkway','1436204064');
/*!40000 ALTER TABLE `supplier` ENABLE KEYS */;
UNLOCK TABLES;

--
-- Final view structure for view `ingredientview`
--

/*!50001 DROP VIEW IF EXISTS `ingredientview`*/;
/*!50001 SET @saved_cs_client          = @@character_set_client */;
/*!50001 SET @saved_cs_results         = @@character_set_results */;
/*!50001 SET @saved_col_connection     = @@collation_connection */;
/*!50001 SET character_set_client      = utf8 */;
/*!50001 SET character_set_results     = utf8 */;
/*!50001 SET collation_connection      = utf8_general_ci */;
/*!50001 CREATE ALGORITHM=UNDEFINED */
/*!50013 DEFINER=`root`@`localhost` SQL SECURITY DEFINER */
/*!50001 VIEW `ingredientview` AS select `ingredients`.`ingredientNo` AS `ingredientNo`,`ingredients`.`ingredientName` AS `ingredientName`,`ingredients`.`dateOfPurchase` AS `dateOfPurchase`,`ingredients`.`dateOfExpiry` AS `dateOfExpiry`,`ingredients`.`cost` AS `cost`,`ingredients`.`quantity` AS `quantity`,(`ingredients`.`quantity` * `ingredients`.`cost`) AS `value` from `ingredients` */;
/*!50001 SET character_set_client      = @saved_cs_client */;
/*!50001 SET character_set_results     = @saved_cs_results */;
/*!50001 SET collation_connection      = @saved_col_connection */;

--
-- Final view structure for view `inventoryview`
--

/*!50001 DROP VIEW IF EXISTS `inventoryview`*/;
/*!50001 SET @saved_cs_client          = @@character_set_client */;
/*!50001 SET @saved_cs_results         = @@character_set_results */;
/*!50001 SET @saved_col_connection     = @@collation_connection */;
/*!50001 SET character_set_client      = utf8 */;
/*!50001 SET character_set_results     = utf8 */;
/*!50001 SET collation_connection      = utf8_general_ci */;
/*!50001 CREATE ALGORITHM=UNDEFINED */
/*!50013 DEFINER=`root`@`localhost` SQL SECURITY DEFINER */
/*!50001 VIEW `inventoryview` AS select `inventory`.`inventoryNo` AS `inventoryNo`,`inventory`.`inventoryName` AS `inventoryName`,`inventory`.`cost` AS `cost`,`inventory`.`quantity` AS `quantity`,(`inventory`.`quantity` * `inventory`.`cost`) AS `value` from `inventory` */;
/*!50001 SET character_set_client      = @saved_cs_client */;
/*!50001 SET character_set_results     = @saved_cs_results */;
/*!50001 SET collation_connection      = @saved_col_connection */;

--
-- Final view structure for view `menuitemview`
--

/*!50001 DROP VIEW IF EXISTS `menuitemview`*/;
/*!50001 SET @saved_cs_client          = @@character_set_client */;
/*!50001 SET @saved_cs_results         = @@character_set_results */;
/*!50001 SET @saved_col_connection     = @@collation_connection */;
/*!50001 SET character_set_client      = utf8 */;
/*!50001 SET character_set_results     = utf8 */;
/*!50001 SET collation_connection      = utf8_general_ci */;
/*!50001 CREATE ALGORITHM=UNDEFINED */
/*!50013 DEFINER=`root`@`localhost` SQL SECURITY DEFINER */
/*!50001 VIEW `menuitemview` AS select `menuitem`.`menuNo` AS `menuNo`,`menuitem`.`menuName` AS `menuName`,`menuitem`.`cost` AS `cost`,`menuitem`.`price` AS `price`,(`menuitem`.`price` - `menuitem`.`cost`) AS `revenue` from `menuitem` */;
/*!50001 SET character_set_client      = @saved_cs_client */;
/*!50001 SET character_set_results     = @saved_cs_results */;
/*!50001 SET collation_connection      = @saved_col_connection */;

--
-- Final view structure for view `restaurantorderview`
--

/*!50001 DROP VIEW IF EXISTS `restaurantorderview`*/;
/*!50001 SET @saved_cs_client          = @@character_set_client */;
/*!50001 SET @saved_cs_results         = @@character_set_results */;
/*!50001 SET @saved_col_connection     = @@collation_connection */;
/*!50001 SET character_set_client      = utf8 */;
/*!50001 SET character_set_results     = utf8 */;
/*!50001 SET collation_connection      = utf8_general_ci */;
/*!50001 CREATE ALGORITHM=UNDEFINED */
/*!50013 DEFINER=`root`@`localhost` SQL SECURITY DEFINER */
/*!50001 VIEW `restaurantorderview` AS select `r`.`OrderNo` AS `orderNo`,`r`.`orderTime` AS `orderTime`,`r`.`orderDate` AS `orderDate`,sum(`m`.`price`) AS `subtotal`,(sum(`m`.`price`) * 0.13) AS `tax`,((sum(`m`.`price`) * 0.13) + sum(`m`.`price`)) AS `total` from ((`restaurantorder` `r` join `menuitem` `m`) join `orderreferencemenu` `o`) where ((`r`.`OrderNo` = `o`.`orderNo`) and (`o`.`menuNo` = `m`.`menuNo`)) group by `r`.`OrderNo` */;
/*!50001 SET character_set_client      = @saved_cs_client */;
/*!50001 SET character_set_results     = @saved_cs_results */;
/*!50001 SET collation_connection      = @saved_col_connection */;
/*!40103 SET TIME_ZONE=@OLD_TIME_ZONE */;

/*!40101 SET SQL_MODE=@OLD_SQL_MODE */;
/*!40014 SET FOREIGN_KEY_CHECKS=@OLD_FOREIGN_KEY_CHECKS */;
/*!40014 SET UNIQUE_CHECKS=@OLD_UNIQUE_CHECKS */;
/*!40101 SET CHARACTER_SET_CLIENT=@OLD_CHARACTER_SET_CLIENT */;
/*!40101 SET CHARACTER_SET_RESULTS=@OLD_CHARACTER_SET_RESULTS */;
/*!40101 SET COLLATION_CONNECTION=@OLD_COLLATION_CONNECTION */;
/*!40111 SET SQL_NOTES=@OLD_SQL_NOTES */;

-- Dump completed on 2017-12-06 23:05:37
